[
  {
    "row": 3,
    "column": 2,
    "data": "20",
    "1-level row header": "No. of participants",
    "2-level row header": "Clinical",
    "column header": "Placebo"
  },
  {
    "row": 3,
    "column": 3,
    "data": "20",
    "1-level row header": "No. of participants",
    "2-level row header": "Clinical",
    "column header": "Semaglutide"
  },
  {
    "row": 3,
    "column": 4,
    "data": "20",
    "1-level row header": "No. of participants",
    "2-level row header": "Clinical",
    "column header": "Empagliflozin"
  },
  {
    "row": 3,
    "column": 5,
    "data": "20",
    "1-level row header": "No. of participants",
    "2-level row header": "Clinical",
    "column header": "Combination"
  },
  {
    "row": 3,
    "column": 6,
    "data": "–",
    "1-level row header": "No. of participants",
    "2-level row header": "Clinical",
    "column header": "p value"
  },
  {
    "row": 4,
    "column": 2,
    "data": "64.6 ± 6.1",
    "1-level row header": "Age, years",
    "2-level row header": "Clinical",
    "column header": "Placebo"
  },
  {
    "row": 4,
    "column": 3,
    "data": "70.1 ± 6.8",
    "1-level row header": "Age, years",
    "2-level row header": "Clinical",
    "column header": "Semaglutide"
  },
  {
    "row": 4,
    "column": 4,
    "data": "69.6 ± 6.0",
    "1-level row header": "Age, years",
    "2-level row header": "Clinical",
    "column header": "Empagliflozin"
  },
  {
    "row": 4,
    "column": 5,
    "data": "67.9 ± 6.2",
    "1-level row header": "Age, years",
    "2-level row header": "Clinical",
    "column header": "Combination"
  },
  {
    "row": 4,
    "column": 6,
    "data": "0.03",
    "1-level row header": "Age, years",
    "2-level row header": "Clinical",
    "column header": "p value"
  },
  {
    "row": 5,
    "column": 2,
    "data": "14 (70)",
    "1-level row header": "Male sex",
    "2-level row header": "Clinical",
    "column header": "Placebo"
  },
  {
    "row": 5,
    "column": 3,
    "data": "17 (85)",
    "1-level row header": "Male sex",
    "2-level row header": "Clinical",
    "column header": "Semaglutide"
  },
  {
    "row": 5,
    "column": 4,
    "data": "13 (65)",
    "1-level row header": "Male sex",
    "2-level row header": "Clinical",
    "column header": "Empagliflozin"
  },
  {
    "row": 5,
    "column": 5,
    "data": "17 (85)",
    "1-level row header": "Male sex",
    "2-level row header": "Clinical",
    "column header": "Combination"
  },
  {
    "row": 5,
    "column": 6,
    "data": "0.32",
    "1-level row header": "Male sex",
    "2-level row header": "Clinical",
    "column header": "p value"
  },
  {
    "row": 6,
    "column": 2,
    "data": "33 ± 6",
    "1-level row header": "BMI, kg/m²",
    "2-level row header": "Clinical",
    "column header": "Placebo"
  },
  {
    "row": 6,
    "column": 3,
    "data": "32 ± 5",
    "1-level row header": "BMI, kg/m²",
    "2-level row header": "Clinical",
    "column header": "Semaglutide"
  },
  {
    "row": 6,
    "column": 4,
    "data": "33 ± 6",
    "1-level row header": "BMI, kg/m²",
    "2-level row header": "Clinical",
    "column header": "Empagliflozin"
  },
  {
    "row": 6,
    "column": 5,
    "data": "31 ± 5",
    "1-level row header": "BMI, kg/m²",
    "2-level row header": "Clinical",
    "column header": "Combination"
  },
  {
    "row": 6,
    "column": 6,
    "data": "0.38",
    "1-level row header": "BMI, kg/m²",
    "2-level row header": "Clinical",
    "column header": "p value"
  },
  {
    "row": 7,
    "column": 2,
    "data": "8.0 (4.0–10.0)",
    "1-level row header": "Duration of diabetes, years",
    "2-level row header": "Clinical",
    "column header": "Placebo"
  },
  {
    "row": 7,
    "column": 3,
    "data": "8.5 (3.5–16.0)",
    "1-level row header": "Duration of diabetes, years",
    "2-level row header": "Clinical",
    "column header": "Semaglutide"
  },
  {
    "row": 7,
    "column": 4,
    "data": "10.0 (5.0–18.5)",
    "1-level row header": "Duration of diabetes, years",
    "2-level row header": "Clinical",
    "column header": "Empagliflozin"
  },
  {
    "row": 7,
    "column": 5,
    "data": "6.0 (2.3–12.0)",
    "1-level row header": "Duration of diabetes, years",
    "2-level row header": "Clinical",
    "column header": "Combination"
  },
  {
    "row": 7,
    "column": 6,
    "data": "0.46",
    "1-level row header": "Duration of diabetes, years",
    "2-level row header": "Clinical",
    "column header": "p value"
  },
  {
    "row": 8,
    "column": 2,
    "data": "139 ± 13",
    "1-level row header": "Office systolic BP, mmHg",
    "2-level row header": "Clinical",
    "column header": "Placebo"
  },
  {
    "row": 8,
    "column": 3,
    "data": "131 ± 17",
    "1-level row header": "Office systolic BP, mmHg",
    "2-level row header": "Clinical",
    "column header": "Semaglutide"
  },
  {
    "row": 8,
    "column": 4,
    "data": "139 ± 15",
    "1-level row header": "Office systolic BP, mmHg",
    "2-level row header": "Clinical",
    "column header": "Empagliflozin"
  },
  {
    "row": 8,
    "column": 5,
    "data": "136 ± 14",
    "1-level row header": "Office systolic BP, mmHg",
    "2-level row header": "Clinical",
    "column header": "Combination"
  },
  {
    "row": 8,
    "column": 6,
    "data": "0.33",
    "1-level row header": "Office systolic BP, mmHg",
    "2-level row header": "Clinical",
    "column header": "p value"
  },
  {
    "row": 9,
    "column": 2,
    "data": "78 ± 10",
    "1-level row header": "Office diastolic BP, mmHg",
    "2-level row header": "Clinical",
    "column header": "Placebo"
  },
  {
    "row": 9,
    "column": 3,
    "data": "73 ± 8",
    "1-level row header": "Office diastolic BP, mmHg",
    "2-level row header": "Clinical",
    "column header": "Semaglutide"
  },
  {
    "row": 9,
    "column": 4,
    "data": "77 ± 6",
    "1-level row header": "Office diastolic BP, mmHg",
    "2-level row header": "Clinical",
    "column header": "Empagliflozin"
  },
  {
    "row": 9,
    "column": 5,
    "data": "75 ± 9",
    "1-level row header": "Office diastolic BP, mmHg",
    "2-level row header": "Clinical",
    "column header": "Combination"
  },
  {
    "row": 9,
    "column": 6,
    "data": "0.22",
    "1-level row header": "Office diastolic BP, mmHg",
    "2-level row header": "Clinical",
    "column header": "p value"
  },
  {
    "row": 10,
    "column": 2,
    "data": "",
    "1-level row header": "Smoking",
    "2-level row header": "Clinical",
    "column header": "Placebo"
  },
  {
    "row": 10,
    "column": 3,
    "data": "",
    "1-level row header": "Smoking",
    "2-level row header": "Clinical",
    "column header": "Semaglutide"
  },
  {
    "row": 10,
    "column": 4,
    "data": "",
    "1-level row header": "Smoking",
    "2-level row header": "Clinical",
    "column header": "Empagliflozin"
  },
  {
    "row": 10,
    "column": 5,
    "data": "",
    "1-level row header": "Smoking",
    "2-level row header": "Clinical",
    "column header": "Combination"
  },
  {
    "row": 10,
    "column": 6,
    "data": "0.43",
    "1-level row header": "Smoking",
    "2-level row header": "Clinical",
    "column header": "p value"
  },
  {
    "row": 11,
    "column": 2,
    "data": "4 (20)",
    "1-level row header": "Yes",
    "2-level row header": "Smoking",
    "column header": "Placebo"
  },
  {
    "row": 11,
    "column": 3,
    "data": "4 (20)",
    "1-level row header": "Yes",
    "2-level row header": "Smoking",
    "column header": "Semaglutide"
  },
  {
    "row": 11,
    "column": 4,
    "data": "6 (30)",
    "1-level row header": "Yes",
    "2-level row header": "Smoking",
    "column header": "Empagliflozin"
  },
  {
    "row": 11,
    "column": 5,
    "data": "3 (15)",
    "1-level row header": "Yes",
    "2-level row header": "Smoking",
    "column header": "Combination"
  },
  {
    "row": 11,
    "column": 6,
    "data": "–",
    "1-level row header": "Yes",
    "2-level row header": "Smoking",
    "column header": "p value"
  }
]
