[
  {
    "row_header": {
      "1-level": "Demographics",
      "2-level": "Age (years)"
    },
    "column_header": {
      "1-level": "Teneligliptin Group (n = 8)"
    },
    "data": "71.8 ± 11.5",
    "location": "row 2, column 2"
  },
  {
    "row_header": {
      "1-level": "Demographics",
      "2-level": "Age (years)"
    },
    "column_header": {
      "1-level": "Control Group (n = 9)"
    },
    "data": "63.6 ± 13.8",
    "location": "row 2, column 3"
  },
  {
    "row_header": {
      "1-level": "Demographics",
      "2-level": "Age (years)"
    },
    "column_header": {
      "1-level": "P value"
    },
    "data": "0.21",
    "location": "row 2, column 4"
  },
  {
    "row_header": {
      "1-level": "Demographics",
      "2-level": "Female sex (%)"
    },
    "column_header": {
      "1-level": "Teneligliptin Group (n = 8)"
    },
    "data": "3 (37.5)",
    "location": "row 3, column 2"
  },
  {
    "row_header": {
      "1-level": "Demographics",
      "2-level": "Female sex (%)"
    },
    "column_header": {
      "1-level": "Control Group (n = 9)"
    },
    "data": "1 (11.1)",
    "location": "row 3, column 3"
  },
  {
    "row_header": {
      "1-level": "Demographics",
      "2-level": "Female sex (%)"
    },
    "column_header": {
      "1-level": "P value"
    },
    "data": "0.24",
    "location": "row 3, column 4"
  },
  {
    "row_header": {
      "1-level": "Medical history",
      "2-level": "Diabetes mellitus, n (%)"
    },
    "column_header": {
      "1-level": "Teneligliptin Group (n = 8)"
    },
    "data": "8 (100.0)",
    "location": "row 5, column 2"
  },
  {
    "row_header": {
      "1-level": "Medical history",
      "2-level": "Diabetes mellitus, n (%)"
    },
    "column_header": {
      "1-level": "Control Group (n = 9)"
    },
    "data": "9 (100.0)",
    "location": "row 5, column 3"
  },
  {
    "row_header": {
      "1-level": "Medical history",
      "2-level": "Diabetes mellitus, n (%)"
    },
    "column_header": {
      "1-level": "P value"
    },
    "data": "–",
    "location": "row 5, column 4"
  },
  {
    "row_header": {
      "1-level": "Medical history",
      "2-level": "Hypertension, n (%)"
    },
    "column_header": {
      "1-level": "Teneligliptin Group (n = 8)"
    },
    "data": "7 (87.5)",
    "location": "row 6, column 2"
  },
  {
    "row_header": {
      "1-level": "Medical history",
      "2-level": "Hypertension, n (%)"
    },
    "column_header": {
      "1-level": "Control Group (n = 9)"
    },
    "data": "7 (77.8)",
    "location": "row 6, column 3"
  },
  {
    "row_header": {
      "1-level": "Medical history",
      "2-level": "Hypertension, n (%)"
    },
    "column_header": {
      "1-level": "P value"
    },
    "data": "1",
    "location": "row 6, column 4"
  },
  {
    "row_header": {
      "1-level": "Medical history",
      "2-level": "Dyslipidemia, n (%)"
    },
    "column_header": {
      "1-level": "Teneligliptin Group (n = 8)"
    },
    "data": "5 (62.5)",
    "location": "row 7, column 2"
  },
  {
    "row_header": {
      "1-level": "Medical history",
      "2-level": "Dyslipidemia, n (%)"
    },
    "column_header": {
      "1-level": "Control Group (n = 9)"
    },
    "data": "7 (77.8)",
    "location": "row 7, column 3"
  },
  {
    "row_header": {
      "1-level": "Medical history",
      "2-level": "Dyslipidemia, n (%)"
    },
    "column_header": {
      "1-level": "P value"
    },
    "data": "0.62",
    "location": "row 7, column 4"
  },
  {
    "row_header": {
      "1-level": "Medical history",
      "2-level": "Hyperuricemia, n (%)"
    },
    "column_header": {
      "1-level": "Teneligliptin Group (n = 8)"
    },
    "data": "1 (12.5)",
    "location": "row 8, column 2"
  },
  {
    "row_header": {
      "1-level": "Medical history",
      "2-level": "Hyperuricemia, n (%)"
    },
    "column_header": {
      "1-level": "Control Group (n = 9)"
    },
    "data": "0 (0.0)",
    "location": "row 8, column 3"
  },
  {
    "row_header": {
      "1-level": "Medical history",
      "2-level": "Hyperuricemia, n (%)"
    },
    "column_header": {
      "1-level": "P value"
    },
    "data": "0.47",
    "location": "row 8, column 4"
  }
]
