[
  {
    "location": { "row": 2, "column": 2 },
    "data cell": { "value": "62 (52.5%)", "confidence": "high" },
    "row header": { "value": "Male, n (%)", "confidence": "high" },
    "column header": { "value": "FDC of MSP (N= 118)", "confidence": "high" }
  },
  {
    "location": { "row": 2, "column": 3 },
    "data cell": { "value": "63 (53.4%)", "confidence": "high" },
    "row header": { "value": "Male, n (%)", "confidence": "high" },
    "column header": { "value": "MS (N= 118)", "confidence": "high" }
  },
  {
    "location": { "row": 2, "column": 4 },
    "data cell": { "value": "0.43", "confidence": "high" },
    "row header": { "value": "Male, n (%)", "confidence": "high" },
    "column header": { "value": "P value", "confidence": "high" }
  },
  {
    "location": { "row": 3, "column": 2 },
    "data cell": { "value": "56 (47.5%)", "confidence": "high" },
    "row header": { "value": "Female, n (%)", "confidence": "high" },
    "column header": { "value": "FDC of MSP (N= 118)", "confidence": "high" }
  },
  {
    "location": { "row": 3, "column": 3 },
    "data cell": { "value": "55 (46.6%)", "confidence": "high" },
    "row header": { "value": "Female, n (%)", "confidence": "high" },
    "column header": { "value": "MS (N= 118)", "confidence": "high" }
  },
  {
    "location": { "row": 3, "column": 4 },
    "data cell": { "value": "0.37", "confidence": "high" },
    "row header": { "value": "Female, n (%)", "confidence": "high" },
    "column header": { "value": "P value", "confidence": "high" }
  },
  {
    "location": { "row": 4, "column": 2 },
    "data cell": { "value": "51.7 (8.01)", "confidence": "high" },
    "row header": { "value": "Age, years, mean (SD)", "confidence": "high" },
    "column header": { "value": "FDC of MSP (N= 118)", "confidence": "high" }
  },
  {
    "location": { "row": 4, "column": 3 },
    "data cell": { "value": "49.6 (9.54)", "confidence": "high" },
    "row header": { "value": "Age, years, mean (SD)", "confidence": "high" },
    "column header": { "value": "MS (N= 118)", "confidence": "high" }
  },
  {
    "location": { "row": 4, "column": 4 },
    "data cell": { "value": "0.0787", "confidence": "high" },
    "row header": { "value": "Age, years, mean (SD)", "confidence": "high" },
    "column header": { "value": "P value", "confidence": "high" }
  },
  {
    "location": { "row": 5, "column": 2 },
    "data cell": { "value": "67.1 (12.87)", "confidence": "high" },
    "row header": { "value": "Weight, kg, mean (SD)", "confidence": "high" },
    "column header": { "value": "FDC of MSP (N= 118)", "confidence": "high" }
  },
  {
    "location": { "row": 5, "column": 3 },
    "data cell": { "value": "65.5 (10.94)", "confidence": "high" },
    "row header": { "value": "Weight, kg, mean (SD)", "confidence": "high" },
    "column header": { "value": "MS (N= 118)", "confidence": "high" }
  },
  {
    "location": { "row": 5, "column": 4 },
    "data cell": { "value": "0.3074", "confidence": "high" },
    "row header": { "value": "Weight, kg, mean (SD)", "confidence": "high" },
    "column header": { "value": "P value", "confidence": "high" }
  },
  {
    "location": { "row": 6, "column": 2 },
    "data cell": { "value": "162.8 (8.23)", "confidence": "high" },
    "row header": { "value": "Height, cm, mean (SD)", "confidence": "high" },
    "column header": { "value": "FDC of MSP (N= 118)", "confidence": "high" }
  },
  {
    "location": { "row": 6, "column": 3 },
    "data cell": { "value": "161.5 (7.79)", "confidence": "high" },
    "row header": { "value": "Height, cm, mean (SD)", "confidence": "high" },
    "column header": { "value": "MS (N= 118)", "confidence": "high" }
  },
  {
    "location": { "row": 6, "column": 4 },
    "data cell": { "value": "0.2081", "confidence": "high" },
    "row header": { "value": "Height, cm, mean (SD)", "confidence": "high" },
    "column header": { "value": "P value", "confidence": "high" }
  },
  {
    "location": { "row": 7, "column": 2 },
    "data cell": { "value": "25.2 (3.81)", "confidence": "high" },
    "row header": { "value": "BMI, kg/m2, mean (SD)", "confidence": "high" },
    "column header": { "value": "FDC of MSP (N= 118)", "confidence": "high" }
  },
  {
    "location": { "row": 7, "column": 3 },
    "data cell": { "value": "25.1 (3.55)", "confidence": "high" },
    "row header": { "value": "BMI, kg/m2, mean (SD)", "confidence": "high" },
    "column header": { "value": "MS (N= 118)", "confidence": "high" }
  },
  {
    "location": { "row": 7, "column": 4 },
    "data cell": { "value": "0.772", "confidence": "high" },
    "row header": { "value": "BMI, kg/m2, mean (SD)", "confidence": "high" },
    "column header": { "value": "P value", "confidence": "high" }
  },
  {
    "location": { "row": 8, "column": 2 },
    "data cell": { "value": "36.8 (3.62)", "confidence": "high" },
    "row header": { "value": "Waist circumference, inches, mean (SD)", "confidence": "high" },
    "column header": { "value": "FDC of MSP (N= 118)", "confidence": "high" }
  },
  {
    "location": { "row": 8, "column": 3 },
    "data cell": { "value": "36.2 (3.68)", "confidence": "high" },
    "row header": { "value": "Waist circumference, inches, mean (SD)", "confidence": "high" },
    "column header": { "value": "MS (N= 118)", "confidence": "high" }
  },
  {
    "location": { "row": 8, "column": 4 },
    "data cell": { "value": "0.2106", "confidence": "high" },
    "row header": { "value": "Waist circumference, inches, mean (SD)", "confidence": "high" },
    "column header": { "value": "P value", "confidence": "high" }
  },
  {
    "location": { "row": 9, "column": 2 },
    "data cell": { "value": "0.9 (0.07)", "confidence": "high" },
    "row header": { "value": "Waist-to-hip ratio, mean (SD)", "confidence": "high" },
    "column header": { "value": "FDC of MSP (N= 118)", "confidence": "high" }
  },
  {
    "location": { "row": 9, "column": 3 },
    "data cell": { "value": "0.9 (0.10)", "confidence": "high" },
    "row header": { "value": "Waist-to-hip ratio, mean (SD)", "confidence": "high" },
    "column header": { "value": "MS (N= 118)", "confidence": "high" }
  },
  {
    "location": { "row": 9, "column": 4 },
    "data cell": { "value": "0.3733", "confidence": "high" },
    "row header": { "value": "Waist-to-hip ratio, mean (SD)", "confidence": "high" },
    "column header": { "value": "P value", "confidence": "high" }
  },
  {
    "location": { "row": 10, "column": 2 },
    "data cell": { "value": "9.21 (0.78)", "confidence": "high" },
    "row header": { "value": "HbA1C, %, mean (SD)", "confidence": "high" },
    "column header": { "value": "FDC of MSP (N= 118)", "confidence": "high" }
  },
  {
    "location": { "row": 10, "column": 3 },
    "data cell": { "value": "9.25 (0.78)", "confidence": "high" },
    "row header": { "value": "HbA1C, %, mean (SD)", "confidence": "high" },
    "column header": { "value": "MS (N= 118)", "confidence": "high" }
  },
  {
    "location": { "row": 10, "column": 4 },
    "data cell": { "value": "0.7181", "confidence": "high" },
    "row header": { "value": "HbA1C, %, mean (SD)", "confidence": "high" },
    "column header": { "value": "P value", "confidence": "high" }
  },
  {
    "location": { "row": 11, "column": 2 },
    "data cell": { "value": "41.1 (33.47), 2–169.4", "confidence": "high" },
    "row header": { "value": "Duration of diabetes, months, mean (SD), range", "confidence": "high" },
    "column header": { "value": "FDC of MSP (N= 118)", "confidence": "high" }
  },
  {
    "location": { "row": 11, "column": 3 },
    "data cell": { "value": "36.5 (42.86), 1.5–360.6", "confidence": "high" },
    "row header": { "value": "Duration of diabetes, months, mean (SD), range", "confidence": "high" },
    "column header": { "value": "MS (N= 118)", "confidence": "high" }
  },
  {
    "location": { "row": 11, "column": 4 },
    "data cell": { "value": "0.3524", "confidence": "high" },
    "row header": { "value": "Duration of diabetes, months, mean (SD), range", "confidence": "high" },
    "column header": { "value": "P value", "confidence": "high" }
  }
