[
  {
    "data": {"value": "20", "confidence": "high"},
    "location": {"row_index": 3, "col_index": 2, "confidence": "high"},
    "row header": {
      "1-level row header": {"value": "Clinical", "confidence": "high"},
      "2-level row header": {"value": "No. of participants", "confidence": "high"}
    },
    "column header": {"value": "Placebo", "confidence": "high"},
    "citation": "[1](https://gla-my.sharepoint.com/personal/z_zhai_1_research_gla_ac_uk/Documents/Microsoft%20Copilot%20Chat%20Files/778_table1.html)"
  },
  {
    "data": {"value": "20", "confidence": "high"},
    "location": {"row_index": 3, "col_index": 3, "confidence": "high"},
    "row header": {
      "1-level row header": {"value": "Clinical", "confidence": "high"},
      "2-level row header": {"value": "No. of participants", "confidence": "high"}
    },
    "column header": {"value": "Semaglutide", "confidence": "high"},
    "citation": "[1](https://gla-my.sharepoint.com/personal/z_zhai_1_research_gla_ac_uk/Documents/Microsoft%20Copilot%20Chat%20Files/778_table1.html)"
  },
  {
    "data": {"value": "20", "confidence": "high"},
    "location": {"row_index": 3, "col_index": 4, "confidence": "high"},
    "row header": {
      "1-level row header": {"value": "Clinical", "confidence": "high"},
      "2-level row header": {"value": "No. of participants", "confidence": "high"}
    },
    "column header": {"value": "Empagliflozin", "confidence": "high"},
    "citation": "[1](https://gla-my.sharepoint.com/personal/z_zhai_1_research_gla_ac_uk/Documents/Microsoft%20Copilot%20Chat%20Files/778_table1.html)"
  },
  {
    "data": {"value": "20", "confidence": "high"},
    "location": {"row_index": 3, "col_index": 5, "confidence": "high"},
    "row header": {
      "1-level row header": {"value": "Clinical", "confidence": "high"},
      "2-level row header": {"value": "No. of participants", "confidence": "high"}
    },
    "column header": {"value": "Combination", "confidence": "high"},
    "citation": "[1](https://gla-my.sharepoint.com/personal/z_zhai_1_research_gla_ac_uk/Documents/Microsoft%20Copilot%20Chat%20Files/778_table1.html)"
  },
  {
    "data": {"value": "–", "confidence": "high"},
    "location": {"row_index": 3, "col_index": 6, "confidence": "high"},
    "row header": {
      "1-level row header": {"value": "Clinical", "confidence": "high"},
      "2-level row header": {"value": "No. of participants", "confidence": "high"}
    },
    "column header": {"value": "p value", "confidence": "high"},
    "citation": "[1](https://gla-my.sharepoint.com/personal/z_zhai_1_research_gla_ac_uk/Documents/Microsoft%20Copilot%20Chat%20Files/778_table1.html)"
  },

  {
    "data": {"value": "64.6 ± 6.1", "confidence": "high"},
    "location": {"row_index": 4, "col_index": 2, "confidence": "high"},
    "row header": {
      "1-level row header": {"value": "Clinical", "confidence": "high"},
      "2-level row header": {"value": "Age, years", "confidence": "high"}
    },
    "column header": {"value": "Placebo", "confidence": "high"},
    "citation": "[1](https://gla-my.sharepoint.com/personal/z_zhai_1_research_gla_ac_uk/Documents/Microsoft%20Copilot%20Chat%20Files/778_table1.html)"
  },
  {
    "data": {"value": "70.1 ± 6.8", "confidence": "high"},
    "location": {"row_index": 4, "col_index": 3, "confidence": "high"},
    "row header": {
      "1-level row header": {"value": "Clinical", "confidence": "high"},
      "2-level row header": {"value": "Age, years", "confidence": "high"}
    },
    "column header": {"value": "Semaglutide", "confidence": "high"},
    "citation": "[1](https://gla-my.sharepoint.com/personal/z_zhai_1_research_gla_ac_uk/Documents/Microsoft%20Copilot%20Chat%20Files/778_table1.html)"
  },
  {
    "data": {"value": "69.6 ± 6.0", "confidence": "high"},
    "location": {"row_index": 4, "col_index": 4, "confidence": "high"},
    "row header": {
      "1-level row header": {"value": "Clinical", "confidence": "high"},
      "2-level row header": {"value": "Age, years", "confidence": "high"}
    },
    "column header": {"value": "Empagliflozin", "confidence": "high"},
    "citation": "[1](https://gla-my.sharepoint.com/personal/z_zhai_1_research_gla_ac_uk/Documents/Microsoft%20Copilot%20Chat%20Files/778_table1.html)"
  },
  {
    "data": {"value": "67.9 ± 6.2", "confidence": "high"},
    "location": {"row_index": 4, "col_index": 5, "confidence": "high"},
    "row header": {
      "1-level row header": {"value": "Clinical", "confidence": "high"},
      "2-level row header": {"value": "Age, years", "confidence": "high"}
    },
    "column header": {"value": "Combination", "confidence": "high"},
    "citation": "[1](https://gla-my.sharepoint.com/personal/z_zhai_1_research_gla_ac_uk/Documents/Microsoft%20Copilot%20Chat%20Files/778_table1.html)"
  },
  {
    "data": {"value": "0.03", "confidence": "high"},
    "location": {"row_index": 4, "col_index": 6, "confidence": "high"},
    "row header": {
      "1-level row header": {"value": "Clinical", "confidence": "high"},
      "2-level row header": {"value": "Age, years", "confidence": "high"}
    },
    "column header": {"value": "p value", "confidence": "high"},
    "citation": "[1](https://gla-my.sharepoint.com/personal/z_zhai_1_research_gla_ac_uk/Documents/Microsoft%20Copilot%20Chat%20Files/778_table1.html)"
  },

  {
    "data": {"value": "14 (70)", "confidence": "high"},
    "location": {"row_index": 5, "col_index": 2, "confidence": "high"},
    "row header": {
      "1-level row header": {"value": "Clinical", "confidence": "high"},
      "2-level row header": {"value": "Male sex", "confidence": "high"}
    },
    "column header": {"value": "Placebo", "confidence": "high"},
    "citation": "[1](https://gla-my.sharepoint.com/personal/z_zhai_1_research_gla_ac_uk/Documents/Microsoft%20Copilot%20Chat%20Files/778_table1.html)"
  },
  {
    "data": {"value": "17 (85)", "confidence": "high"},
    "location": {"row_index": 5, "col_index": 3, "confidence": "high"},
    "row header": {
      "1-level row header": {"value": "Clinical", "confidence": "high"},
      "2-level row header": {"value": "Male sex", "confidence": "high"}
    },
    "column header": {"value": "Semaglutide", "confidence": "high"},
    "citation": "[1](https://gla-my.sharepoint.com/personal/z_zhai_1_research_gla_ac_uk/Documents/Microsoft%20Copilot%20Chat%20Files/778_table1.html)"
  },
  {
    "data": {"value": "13 (65)", "confidence": "high"},
    "location": {"row_index": 5, "col_index": 4, "confidence": "high"},
    "row header": {
      "1-level row header": {"value": "Clinical", "confidence": "high"},
      "2-level row header": {"value": "Male sex", "confidence": "high"}
    },
    "column header": {"value": "Empagliflozin", "confidence": "high"},
    "citation": "[1](https://gla-my.sharepoint.com/personal/z_zhai_1_research_gla_ac_uk/Documents/Microsoft%20Copilot%20Chat%20Files/778_table1.html)"
  },
  {
    "data": {"value": "17 (85)", "confidence": "high"},
    "location": {"row_index": 5, "col_index": 5, "confidence": "high"},
    "row header": {
      "1-level row header": {"value": "Clinical", "confidence": "high"},
      "2-level row header": {"value": "Male sex", "confidence": "high"}
    },
    "column header": {"value": "Combination", "confidence": "high"},
    "citation": "[1](https://gla-my.sharepoint.com/personal/z_zhai_1_research_gla_ac_uk/Documents/Microsoft%20Copilot%20Chat%20Files/778_table1.html)"
  },
  {
    "data": {"value": "0.32", "confidence": "high"},
    "location": {"row_index": 5, "col_index": 6, "confidence": "high"},
    "row header": {
      "1-level row header": {"value": "Clinical", "confidence": "high"},
      "2-level row header": {"value": "Male sex", "confidence": "high"}
    },
    "column header": {"value": "p value", "confidence": "high"},
    "citation": "[1](https://gla-my.sharepoint.com/personal/z_zhai_1_research_gla_ac_uk/Documents/Microsoft%20Copilot%20Chat%20Files/778_table1.html)"
  },

  {
    "data": {"value": "33 ± 6", "confidence": "high"},
    "location": {"row_index": 6, "col_index": 2, "confidence": "high"},
    "row header": {
      "1-level row header": {"value": "Clinical", "confidence": "high"},
      "2-level row header": {"value": "BMI, kg/m2", "confidence": "high"}
    },
    "column header": {"value": "Placebo", "confidence": "high"},
    "citation": "[1](https://gla-my.sharepoint.com/personal/z_zhai_1_research_gla_ac_uk/Documents/Microsoft%20Copilot%20Chat%20Files/778_table1.html)"
  },
  {
    "data": {"value": "32 ± 5", "confidence": "high"},
    "location": {"row_index": 6, "col_index": 3, "confidence": "high"},
    "row header": {
      "1-level row header": {"value": "Clinical", "confidence": "high"},
      "2-level row header": {"value": "BMI, kg/m2", "confidence": "high"}
    },
    "column header": {"value": "Semaglutide", "confidence": "high"},
    "citation": "[1](https://gla-my.sharepoint.com/personal/z_zhai_1_research_gla_ac_uk/Documents/Microsoft%20Copilot%20Chat%20Files/778_table1.html)"
  },
  {
    "data": {"value": "33 ± 6", "confidence": "high"},
    "location": {"row_index": 6, "col_index": 4, "confidence": "high"},
    "row header": {
      "1-level row header": {"value": "Clinical", "confidence": "high"},
      "2-level row header": {"value": "BMI, kg/m2", "confidence": "high"}
    },
    "column header": {"value": "Empagliflozin", "confidence": "high"},
    "citation": "[1](https://gla-my.sharepoint.com/personal/z_zhai_1_research_gla_ac_uk/Documents/Microsoft%20Copilot%20Chat%20Files/778_table1.html)"
  },
  {
    "data": {"value": "31 ± 5", "confidence": "high"},
    "location": {"row_index": 6, "col_index": 5, "confidence": "high"},
    "row header": {
      "1-level row header": {"value": "Clinical", "confidence": "high"},
      "2-level row header": {"value": "BMI, kg/m2", "confidence": "high"}
    },
    "column header": {"value": "Combination", "confidence": "high"},
    "citation": "[1](https://gla-my.sharepoint.com/personal/z_zhai_1_research_gla_ac_uk/Documents/Microsoft%20Copilot%20Chat%20Files/778_table1.html)"
  },
  {
    "data": {"value": "0.38", "confidence": "high"},
    "location": {"row_index": 6, "col_index": 6, "confidence": "high"},
    "row header": {
      "1-level row header": {"value": "Clinical", "confidence": "high"},
      "2-level row header": {"value": "BMI, kg/m2", "confidence": "high"}
    },
    "column header": {"value": "p value", "confidence": "high"},
    "citation": "[1](https://gla-my.sharepoint.com/personal/z_zhai_1_research_gla_ac_uk/Documents/Microsoft%20Copilot%20Chat%20Files/778_table1.html)"
  },

  {
    "data": {"value": "8.0 (4.0–10.0)", "confidence": "high"},
    "location": {"row_index": 7, "col_index": 2, "confidence": "high"},
    "row header": {
      "1-level row header": {"value": "Clinical", "confidence": "high"},
      "2-level row header": {"value": "Duration of diabetes, years", "confidence": "high"}
    },
    "column header": {"value": "Placebo", "confidence": "high"},
    "citation": "[1](https://gla-my.sharepoint.com/personal/z_zhai_1_research_gla_ac_uk/Documents/Microsoft%20Copilot%20Chat%20Files/778_table1.html)"
  },
  {
    "data": {"value": "8.5 (3.5–16.0)", "confidence": "high"},
    "location": {"row_index": 7, "col_index": 3, "confidence": "high"},
    "row header": {
      "1-level row header": {"value": "Clinical", "confidence": "high"},
      "2-level row header": {"value": "Duration of diabetes, years", "confidence": "high"}
    },
    "column header": {"value": "Semaglutide", "confidence": "high"},
    "citation": "[1](https://gla-my.sharepoint.com/personal/z_zhai_1_research_gla_ac_uk/Documents/Microsoft%20Copilot%20Chat%20Files/778_table1.html)"
  },
  {
    "data": {"value": "10.0 (5.0–18.5)", "confidence": "high"},
    "location": {"row_index": 7, "col_index": 4, "confidence": "high"},
    "row header": {
      "1-level row header": {"value": "Clinical", "confidence": "high"},
      "2-level row header": {"value": "Duration of diabetes, years", "confidence": "high"}
    },
    "column header": {"value": "Empagliflozin", "confidence": "high"},
    "citation": "[1](https://gla-my.sharepoint.com/personal/z_zhai_1_research_gla_ac_uk/Documents/Microsoft%20Copilot%20Chat%20Files/778_table1.html)"
  },
  {
    "data": {"value": "6.0 (2.3–12.0)", "confidence": "high"},
    "location": {"row_index": 7, "col_index": 5, "confidence": "high"},
    "row header": {
      "1-level row header": {"value": "Clinical", "confidence": "high"},
      "2-level row header": {"value": "Duration of diabetes, years", "confidence": "high"}
    },
    "column header": {"value": "Combination", "confidence": "high"},
    "citation": "[1](https://gla-my.sharepoint.com/personal/z_zhai_1_research_gla_ac_uk/Documents/Microsoft%20Copilot%20Chat%20Files/778_table1.html)"
  },
  {
    "data": {"value": "0.46", "confidence": "high"},
    "location": {"row_index": 7, "col_index": 6, "confidence": "high"},
    "row header": {
      "1-level row header": {"value": "Clinical", "confidence": "high"},
      "2-level row header": {"value": "Duration of diabetes, years", "confidence": "high"}
    },
    "column header": {"value": "p value", "confidence": "high"},
    "citation": "[1](https://gla-my.sharepoint.com/personal/z_zhai_1_research_gla_ac_uk/Documents/Microsoft%20Copilot%20Chat%20Files/778_table1.html)"
  },

  {
    "data": {"value": "139 ± 13a", "confidence": "high"},
    "location": {"row_index": 8, "col_index": 2, "confidence": "high"},
    "row header": {
      "1-level row header": {"value": "Clinical", "confidence": "high"},
      "2-level row header": {"value": "Office systolic BP, mmHg", "confidence": "high"}
    },
    "column header": {"value": "Placebo", "confidence": "high"},
    "citation": "[1](https://gla-my.sharepoint.com/personal/z_zhai_1_research_gla_ac_uk/Documents/Microsoft%20Copilot%20Chat%20Files/778_table1.html)"
  },
  {
    "data": {"value": "131 ± 17b", "confidence": "high"},
    "location": {"row_index": 8, "col_index": 3, "confidence": "high"},
    "row header": {
      "1-level row header": {"value": "Clinical", "confidence": "high"},
      "2-level row header": {"value": "Office systolic BP, mmHg", "confidence": "high"}
    },
    "column header": {"value": "Semaglutide", "confidence": "high"},
    "citation": "[1](https://gla-my.sharepoint.com/personal/z_zhai_1_research_gla_ac_uk/Documents/Microsoft%20Copilot%20Chat%20Files/778_table1.html)"
  },
  {
    "data": {"value": "139 ± 15a", "confidence": "high"},
    "location": {"row_index": 8, "col_index": 4, "confidence": "high"},
    "row header": {
      "1-level row header": {"value": "Clinical", "confidence": "high"},
      "2-level row header": {"value": "Office systolic BP, mmHg", "confidence": "high"}
    },
    "column header": {"value": "Empagliflozin", "confidence": "high"},
    "citation": "[1](https://gla-my.sharepoint.com/personal/z_zhai_1_research_gla_ac_uk/Documents/Microsoft%20Copilot%20Chat%20Files/778_table1.html)"
  },
  {
    "data": {"value": "136 ± 14", "confidence": "high"},
    "location": {"row_index": 8, "col_index": 5, "confidence": "high"},
    "row header": {
      "1-level row header": {"value": "Clinical", "confidence": "high"},
      "2-level row header": {"value": "Office systolic BP, mmHg", "confidence": "high"}
    },
    "column header": {"value": "Combination", "confidence": "high"},
    "citation": "[1](https://gla-my.sharepoint.com/personal/z_zhai_1_research_gla_ac_uk/Documents/Microsoft%20Copilot%20Chat%20Files/778_table1.html)"
  },
  {
    "data": {"value": "0.33", "confidence": "high"},
    "location": {"row_index": 8, "col_index": 6, "confidence": "high"},
    "row header": {
      "1-level row header": {"value": "Clinical", "confidence": "high"},
      "2-level row header": {"value": "Office systolic BP, mmHg", "confidence": "high"}
    },
    "column header": {"value": "p value", "confidence": "high"},
    "citation": "[1](https://gla-my.sharepoint.com/personal/z_zhai_1_research_gla_ac_uk/Documents/Microsoft%20Copilot%20Chat%20Files/778_table1.html)"
  },

  {
    "data": {"value": "78 ± 10a", "confidence": "high"},
    "location": {"row_index": 9, "col_index": 2, "confidence": "high"},
    "row header": {
      "1-level row header": {"value": "Clinical", "confidence": "high"},
      "2-level row header": {"value": "Office diastolic BP, mmHg", "confidence": "high"}
    },
    "column header": {"value": "Placebo", "confidence": "high"},
    "citation": "[1](https://gla-my.sharepoint.com/personal/z_zhai_1_research_gla_ac_uk/Documents/Microsoft%20Copilot%20Chat%20Files/778_table1.html)"
  },
  {
    "data": {"value": "73 ± 8b", "confidence": "high"},
    "location": {"row_index": 9, "col_index": 3, "confidence": "high"},
    "row header": {
      "1-level row header": {"value": "Clinical", "confidence": "high"},
      "2-level row header": {"value": "Office diastolic BP, mmHg", "confidence": "high"}
    },
    "column header": {"value": "Semaglutide", "confidence": "high"},
    "citation": "[1](https://gla-my.sharepoint.com/personal/z_zhai_1_research_gla_ac_uk/Documents/Microsoft%20Copilot%20Chat%20Files/778_table1.html)"
  },
  {
    "data": {"value": "77 ± 6a", "confidence": "high"},
    "location": {"row_index": 9, "col_index": 4, "confidence": "high"},
    "row header": {
      "1-level row header": {"value": "Clinical", "confidence": "high"},
      "2-level row header": {"value": "Office diastolic BP, mmHg", "confidence": "high"}
    },
    "column header": {"value": "Empagliflozin", "confidence": "high"},
    "citation": "[1](https://gla-my.sharepoint.com/personal/z_zhai_1_research_gla_ac_uk/Documents/Microsoft%20Copilot%20Chat%20Files/778_table1.html)"
  },
  {
    "data": {"value": "75 ± 9", "confidence": "high"},
    "location": {"row_index": 9, "col_index": 5, "confidence": "high"},
    "row header": {
      "1-level row header": {"value": "Clinical", "confidence": "high"},
      "2-level row header": {"value": "Office diastolic BP, mmHg", "confidence": "high"}
    },
    "column header": {"value": "Combination", "confidence": "high"},
    "citation": "[1](https://gla-my.sharepoint.com/personal/z_zhai_1_research_gla_ac_uk/Documents/Microsoft%20Copilot%20Chat%20Files/778_table1.html)"
  },
  {
    "data": {"value": "0.22", "confidence": "high"},
    "location": {"row_index": 9, "col_index": 6, "confidence": "high"},
    "row header": {
      "1-level row header": {"value": "Clinical", "confidence": "high"},
      "2-level row header": {"value": "Office diastolic BP, mmHg", "confidence": "high"}
    },
    "column header": {"value": "p value", "confidence": "high"},
    "citation": "[1](https://gla-my.sharepoint.com/personal/z_zhai_1_research_gla_ac_uk/Documents/Microsoft%20Copilot%20Chat%20Files/778_table1.html)"
  },

  {
    "data": {"value": "", "confidence": "medium"},
    "location": {"row_index": 10, "col_index": 2, "confidence": "high"},
    "row header": {
      "1-level row header": {"value": "Clinical", "confidence": "high"},
      "2-level row header": {"value": "Smoking", "confidence": "high"}
    },
    "column header": {"value": "Placebo", "confidence": "high"},
    "citation": "[1](https://gla-my.sharepoint.com/personal/z_zhai_1_research_gla_ac_uk/Documents/Microsoft%20Copilot%20Chat%20Files/778_table1.html)"
  },
  {
    "data": {"value": "", "confidence": "medium"},
    "location": {"row_index": 10, "col_index": 3, "confidence": "high"},
    "row header": {
      "1-level row header": {"value": "Clinical", "confidence": "high"},
      "2-level row header": {"value": "Smoking", "confidence": "high"}
    },
    "column header": {"value": "Semaglutide", "confidence": "high"},
    "citation": "[1](https://gla-my.sharepoint.com/personal/z_zhai_1_research_gla_ac_uk/Documents/Microsoft%20Copilot%20Chat%20Files/778_table1.html)"
  },
  {
    "data": {"value": "", "confidence": "medium"},
    "location": {"row_index": 10, "col_index": 4, "confidence": "high"},
    "row header": {
      "1-level row header": {"value": "Clinical", "confidence": "high"},
      "2-level row header": {"value": "Smoking", "confidence": "high"}
    },
    "column header": {"value": "Empagliflozin", "confidence": "high"},
    "citation": "[1](https://gla-my.sharepoint.com/personal/z_zhai_1_research_gla_ac_uk/Documents/Microsoft%20Copilot%20Chat%20Files/778_table1.html)"
  },
  {
    "data": {"value": "", "confidence": "medium"},
    "location": {"row_index": 10, "col_index": 5, "confidence": "high"},
    "row header": {
      "1-level row header": {"value": "Clinical", "confidence": "high"},
      "2-level row header": {"value": "Smoking", "confidence": "high"}
    },
    "column header": {"value": "Combination", "confidence": "high"},
    "citation": "[1](https://gla-my.sharepoint.com/personal/z_zhai_1_research_gla_ac_uk/Documents/Microsoft%20Copilot%20Chat%20Files/778_table1.html)"
  },
  {
    "data": {"value": "0.43", "confidence": "high"},
    "location": {"row_index": 10, "col_index": 6, "confidence": "high"},
    "row header": {
      "1-level row header": {"value": "Clinical", "confidence": "high"},
      "2-level row header": {"value": "Smoking", "confidence": "high"}
    },
    "column header": {"value": "p value", "confidence": "high"},
    "citation": "[1](https://gla-my.sharepoint.com/personal/z_zhai_1_research_gla_ac_uk/Documents/Microsoft%20Copilot%20Chat%20Files/778_table1.html)"
  },

  {
    "data": {"value": "4 (20)", "confidence": "high"},
    "location": {"row_index": 11, "col_index": 2, "confidence": "high"},
    "row header": {
      "1-level row header": {"value": "Clinical", "confidence": "high"},
      "2-level row header": {"value": "Smoking", "confidence": "high"},
      "3-level row header": {"value": "Yes", "confidence": "high"}
    },
    "column header": {"value": "Placebo", "confidence": "high"},
    "citation": "[1](https://gla-my.sharepoint.com/personal/z_zhai_1_research_gla_ac_uk/Documents/Microsoft%20Copilot%20Chat%20Files/778_table1.html)"
  },
  {
    "data": {"value": "4 (20)", "confidence": "high"},
    "location": {"row_index": 11, "col_index": 3, "confidence": "high"},
    "row header": {
      "1-level row header": {"value": "Clinical", "confidence": "high"},
      "2-level row header": {"value": "Smoking", "confidence": "high"},
      "3-level row header": {"value": "Yes", "confidence": "high"}
    },
    "column header": {"value": "Semaglutide", "confidence": "high"},
    "citation": "[1](https://gla-my.sharepoint.com/personal/z_zhai_1_research_gla_ac_uk/Documents/Microsoft%20Copilot%20Chat%20Files/778_table1.html)"
  },
  {
    "data": {"value": "6 (30)", "confidence": "high"},
    "location": {"row_index": 11, "col_index": 4, "confidence": "high"},
    "row header": {
      "1-level row header": {"value": "Clinical", "confidence": "high"},
      "2-level row header": {"value": "Smoking", "confidence": "high"},
      "3-level row header": {"value": "Yes", "confidence": "high"}
    },
    "column header": {"value": "Empagliflozin", "confidence": "high"},
    "citation": "[1](https://gla-my.sharepoint.com/personal/z_zhai_1_research_gla_ac_uk/Documents/Microsoft%20Copilot%20Chat%20Files/778_table1.html)"
  },
  {
    "data": {"value": "3 (15)", "confidence": "high"},
    "location": {"row_index": 11, "col_index": 5, "confidence": "high"},
    "row header": {
      "1-level row header": {"value": "Clinical", "confidence": "high"},
      "2-level row header": {"value": "Smoking", "confidence": "high"},
      "3-level row header": {"value": "Yes", "confidence": "high"}
    },
    "column header": {"value": "Combination", "confidence": "high"},
    "citation": "[1](https://gla-my.sharepoint.com/personal/z_zhai_1_research_gla_ac_uk/Documents/Microsoft%20Copilot%20Chat%20Files/778_table1.html)"
  },
  {
    "data": {"value": "–", "confidence": "high"},
    "location": {"row_index": 11, "col_index": 6, "confidence": "high"},
    "row header": {
      "1-level row header": {"value": "Clinical", "confidence": "high"},
      "2-level row header": {"value": "Smoking", "confidence": "high"},
      "3-level row header": {"value": "Yes", "confidence": "high"}
    },
    "column header": {"value": "p value", "confidence": "high"},
    "citation": "[1](https://gla-my.sharepoint.com/personal/z_zhai_1_research_gla_ac_uk/Documents/Microsoft%20Copilot%20Chat%20Files/778_table1.html)"
  },

  {
    "data": {"value": "9 (45)", "confidence": "high"},
    "location": {"row_index": 12, "col_index": 2, "confidence": "high"},
    "row header": {
      "1-level row header": {"value": "Clinical", "confidence": "high"},
      "2-level row header": {"value": "Smoking", "confidence": "high"},
      "3-level row header": {"value": "No", "confidence": "high"}
    },
    "column header": {"value": "Placebo", "confidence": "high"},
    "citation": "[1](https://gla-my.sharepoint.com/personal/z_zhai_1_research_gla_ac_uk/Documents/Microsoft%20Copilot%20Chat%20Files/778_table1.html)"
  },
  {
    "data": {"value": "5 (25)", "confidence": "high"},
    "location": {"row_index": 12, "col_index": 3, "confidence": "high"},
    "row header": {
      "1-level row header": {"value": "Clinical", "confidence": "high"},
      "2-level row header": {"value": "Smoking", "confidence": "high"},
      "3-level row header": {"value": "No", "confidence": "high"}
    },
    "column header": {"value": "Semaglutide", "confidence": "high"},
    "citation": "[1](https://gla-my.sharepoint.com/personal/z_zhai_1_research_gla_ac_uk/Documents/Microsoft%20Copilot%20Chat%20Files/778_table1.html)"
  },
  {
    "data": {"value": "8 (40)", "confidence": "high"},
    "location": {"row_index": 12, "col_index": 4, "confidence": "high"},
    "row header": {
      "1-level row header": {"value": "Clinical", "confidence": "high"},
      "2-level row header": {"value": "Smoking", "confidence": "high"},
      "3-level row header": {"value": "No", "confidence": "high"}
    },
    "column header": {"value": "Empagliflozin", "confidence": "high"},
    "citation": "[1](https://gla-my.sharepoint.com/personal/z_zhai_1_research_gla_ac_uk/Documents/Microsoft%20Copilot%20Chat%20Files/778_table1.html)"
  },
  {
    "data": {"value": "5 (25)", "confidence": "high"},
    "location": {"row_index": 12, "col_index": 5, "confidence": "high"},
    "row header": {
      "1-level row header": {"value": "Clinical", "confidence": "high"},
      "2-level row header": {"value": "Smoking", "confidence": "high"},
      "3-level row header": {"value": "No", "confidence": "high"}
    },
    "column header": {"value": "Combination", "confidence": "high"},
    "citation": "[1](https://gla-my.sharepoint.com/personal/z_zhai_1_research_gla_ac_uk/Documents/Microsoft%20Copilot%20Chat%20Files/778_table1.html)"
  },
  {
    "data": {"value": "–", "confidence": "high"},
    "location": {"row_index": 12, "col_index": 6, "confidence": "high"},
    "row header": {
      "1-level row header": {"value": "Clinical", "confidence": "high"},
      "2-level row header": {"value": "Smoking", "confidence": "high"},
      "3-level row header": {"value": "No", "confidence": "high"}
    },
    "column header": {"value": "p value", "confidence": "high"},
    "citation": "[1](https://gla-my.sharepoint.com/personal/z_zhai_1_research_gla_ac_uk/Documents/Microsoft%20Copilot%20Chat%20Files/778_table1.html)"
  },

  {
    "data": {"value": "7 (35)", "confidence": "high"},
    "location": {"row_index": 13, "col_index": 2, "confidence": "high"},
    "row header": {
      "1-level row header": {"value": "Clinical", "confidence": "high"},
      "2-level row header": {"value": "Smoking", "confidence": "high"},
      "3-level row header": {"value": "Former", "confidence": "high"}
    },
    "column header": {"value": "Placebo", "confidence": "high"},
    "citation": "[1](https://gla-my.sharepoint.com/personal/z_zhai_1_research_gla_ac_uk/Documents/Microsoft%20Copilot%20Chat%20Files/778_table1.html)"
  },
  {
    "data": {"value": "11 (55)", "confidence": "high"},
    "location": {"row_index": 13, "col_index": 3, "confidence": "high"},
    "row header": {
      "1-level row header": {"value": "Clinical", "confidence": "high"},
      "2-level row header": {"value": "Smoking", "confidence": "high"},
      "3-level row header": {"value": "Former", "confidence": "high"}
    },
    "column header": {"value": "Semaglutide", "confidence": "high"},
    "citation": "[1](https://gla-my.sharepoint.com/personal/z_zhai_1_research_gla_ac_uk/Documents/Microsoft%20Copilot%20Chat%20Files/778_table1.html)"
  },
  {
    "data": {"value": "6 (30)", "confidence": "high"},
    "location": {"row_index": 13, "col_index": 4, "confidence": "high"},
    "row header": {
      "1-level row header": {"value": "Clinical", "confidence": "high"},
      "2-level row header": {"value": "Smoking", "confidence": "high"},
      "3-level row header": {"value": "Former", "confidence": "high"}
    },
    "column header": {"value": "Empagliflozin", "confidence": "high"},
    "citation": "[1](https://gla-my.sharepoint.com/personal/z_zhai_1_research_gla_ac_uk/Documents/Microsoft%20Copilot%20Chat%20Files/778_table1.html)"
  },
  {
    "data": {"value": "12 (60)", "confidence": "high"},
    "location": {"row_index": 13, "col_index": 5, "confidence": "high"},
    "row header": {
      "1-level row header": {"value": "Clinical", "confidence": "high"},
      "2-level row header": {"value": "Smoking", "confidence": "high"},
      "3-level row header": {"value": "Former", "confidence": "high"}
    },
    "column header": {"value": "Combination", "confidence": "high"},
    "citation": "[1](https://gla-my.sharepoint.com/personal/z_zhai_1_research_gla_ac_uk/Documents/Microsoft%20Copilot%20Chat%20Files/778_table1.html)"
  },
  {
    "data": {"value": "–", "confidence": "high"},
    "location": {"row_index": 13, "col_index": 6, "confidence": "high"},
    "row header": {
      "1-level row header": {"value": "Clinical", "confidence": "high"},
      "2-level row header": {"value": "Smoking", "confidence": "high"},
      "3-level row header": {"value": "Former", "confidence": "high"}
    },
    "column header": {"value": "p value", "confidence": "high"},
    "citation": "[1](https://gla-my.sharepoint.com/personal/z_zhai_1_research_gla_ac_uk/Documents/Microsoft%20Copilot%20Chat%20Files/778_table1.html)"
  },

  {
    "data": {"value": "9 (45)", "confidence": "high"},
    "location": {"row_index": 14, "col_index": 2, "confidence": "high"},
    "row header": {
      "1-level row header": {"value": "Clinical", "confidence": "high"},
      "2-level row header": {"value": "History of CVDc", "confidence": "high"}
    },
    "column header": {"value": "Placebo", "confidence": "high"},
    "citation": "[1](https://gla-my.sharepoint.com/personal/z_zhai_1_research_gla_ac_uk/Documents/Microsoft%20Copilot%20Chat%20Files/778_table1.html)"
  },
  {
    "data": {"value": "12 (60)", "confidence": "high"},
    "location": {"row_index": 14, "col_index": 3, "confidence": "high"},
    "row header": {
      "1-level row header": {"value": "Clinical", "confidence": "high"},
      "2-level row header": {"value": "History of CVDc", "confidence": "high"}
    },
    "column header": {"value": "Semaglutide", "confidence": "high"},
    "citation": "[1](https://gla-my.sharepoint.com/personal/z_zhai_1_research_gla_ac_uk/Documents/Microsoft%20Copilot%20Chat%20Files/778_table1.html)"
  },
  {
    "data": {"value": "12 (60)", "confidence": "high"},
    "location": {"row_index": 14, "col_index": 4, "confidence": "high"},
    "row header": {
      "1-level row header": {"value": "Clinical", "confidence": "high"},
      "2-level row header": {"value": "History of CVDc", "confidence": "high"}
    },
    "column header": {"value": "Empagliflozin", "confidence": "high"},
    "citation": "[1](https://gla-my.sharepoint.com/personal/z_zhai_1_research_gla_ac_uk/Documents/Microsoft%20Copilot%20Chat%20Files/778_table1.html)"
  },
  {
    "data": {"value": "13 (65)", "confidence": "high"},
    "location": {"row_index": 14, "col_index": 5, "confidence": "high"},
    "row header": {
      "1-level row header": {"value": "Clinical", "confidence": "high"},
      "2-level row header": {"value": "History of CVDc", "confidence": "high"}
    },
    "column header": {"value": "Combination", "confidence": "high"},
    "citation": "[1](https://gla-my.sharepoint.com/personal/z_zhai_1_research_gla_ac_uk/Documents/Microsoft%20Copilot%20Chat%20Files/778_table1.html)"
  },
  {
    "data": {"value": "0.61", "confidence": "high"},
    "location": {"row_index": 14, "col_index": 6, "confidence": "high"},
    "row header": {
      "1-level row header": {"value": "Clinical", "confidence": "high"},
      "2-level row header": {"value": "History of CVDc", "confidence": "high"}
    },
    "column header": {"value": "p value", "confidence": "high"},
    "citation": "[1](https://gla-my.sharepoint.com/personal/z_zhai_1_research_gla_ac_uk/Documents/Microsoft%20Copilot%20Chat%20Files/778_table1.html)"
  },

  {
    "data": {"value": "4 (20)", "confidence": "high"},
    "location": {"row_index": 15, "col_index": 2, "confidence": "high"},
    "row header": {
      "1-level row header": {"value": "Clinical", "confidence": "high"},
      "2-level row header": {"value": "History of CVDc", "confidence": "high"},
      "3-level row header": {"value": "History of CVDc and age <60 years", "confidence": "high"}
    },
    "column header": {"value": "Placebo", "confidence": "high"},
    "citation": "[1](https://gla-my.sharepoint.com/personal/z_zhai_1_research_gla_ac_uk/Documents/Microsoft%20Copilot%20Chat%20Files/778_table1.html)"
  },
  {
    "data": {"value": "2 (10)", "confidence": "high"},
    "location": {"row_index": 15, "col_index": 3, "confidence": "high"},
    "row header": {
      "1-level row header": {"value": "Clinical", "confidence": "high"},
      "2-level row header": {"value": "History of CVDc", "confidence": "high"},
      "3-level row header": {"value": "History of CVDc and age <60 years", "confidence": "high"}
    },
    "column header": {"value": "Semaglutide", "confidence": "high"},
    "citation": "[1](https://gla-my.sharepoint.com/personal/z_zhai_1_research_gla_ac_uk/Documents/Microsoft%20Copilot%20Chat%20Files/778_table1.html)"
  },
  {
    "data": {"value": "1 (5)", "confidence": "high"},
    "location": {"row_index": 15, "col_index": 4, "confidence": "high"},
    "row header": {
      "1-level row header": {"value": "Clinical", "confidence": "high"},
      "2-level row header": {"value": "History of CVDc", "confidence": "high"},
      "3-level row header": {"value": "History of CVDc and age <60 years", "confidence": "high"}
    },
    "column header": {"value": "Empagliflozin", "confidence": "high"},
    "citation": "[1](https://gla-my.sharepoint.com/personal/z_zhai_1_research_gla_ac_uk/Documents/Microsoft%20Copilot%20Chat%20Files/778_table1.html)"
  },
  {
    "data": {"value": "2 (10)", "confidence": "high"},
    "location": {"row_index": 15, "col_index": 5, "confidence": "high"},
    "row header": {
      "1-level row header": {"value": "Clinical", "confidence": "high"},
      "2-level row header": {"value": "History of CVDc", "confidence": "high"},
      "3-level row header": {"value": "History of CVDc and age <60 years", "confidence": "high"}
    },
    "column header": {"value": "Combination", "confidence": "high"},
    "citation": "[1](https://gla-my.sharepoint.com/personal/z_zhai_1_research_gla_ac_uk/Documents/Microsoft%20Copilot%20Chat%20Files/778_table1.html)"
  },
  {
    "data": {"value": "–", "confidence": "high"},
    "location": {"row_index": 15, "col_index": 6, "confidence": "high"},
    "row header": {
      "1-level row header": {"value": "Clinical", "confidence": "high"},
      "2-level row header": {"value": "History of CVDc", "confidence": "high"},
      "3-level row header": {"value": "History of CVDc and age <60 years", "confidence": "high"}
    },
    "column header": {"value": "p value", "confidence": "high"},
    "citation": "[1](https://gla-my.sharepoint.com/personal/z_zhai_1_research_gla_ac_uk/Documents/Microsoft%20Copilot%20Chat%20Files/778_table1.html)"
  },

  {
    "data": {"value": "5 (25)", "confidence": "high"},
    "location": {"row_index": 16, "col_index": 2, "confidence": "high"},
    "row header": {
      "1-level row header": {"value": "Clinical", "confidence": "high"},
      "2-level row header": {"value": "History of CVDc", "confidence": "high"},
      "3-level row header": {"value": "History of CVDc and age ≥60 years", "confidence": "high"}
    },
    "column header": {"value": "Placebo", "confidence": "high"},
    "citation": "[1](https://gla-my.sharepoint.com/personal/z_zhai_1_research_gla_ac_uk/Documents/Microsoft%20Copilot%20Chat%20Files/778_table1.html)"
  },
  {
    "data": {"value": "10 (50)", "confidence": "high"},
    "location": {"row_index": 16, "col_index": 3, "confidence": "high"},
    "row header": {
      "1-level row header": {"value": "Clinical", "confidence": "high"},
      "2-level row header": {"value": "History of CVDc", "confidence": "high"},
      "3-level row header": {"value": "History of CVDc and age ≥60 years", "confidence": "high"}
    },
    "column header": {"value": "Semaglutide", "confidence": "high"},
    "citation": "[1](https://gla-my.sharepoint.com/personal/z_zhai_1_research_gla_ac_uk/Documents/Microsoft%20Copilot%20Chat%20Files/778_table1.html)"
  },
  {
    "data": {"value": "11 (55)", "confidence": "high"},
    "location": {"row_index": 16, "col_index": 4, "confidence": "high"},
    "row header": {
      "1-level row header": {"value": "Clinical", "confidence": "high"},
      "2-level row header": {"value": "History of CVDc", "confidence": "high"},
      "3-level row header": {"value": "History of CVDc and age ≥60 years", "confidence": "high"}
    },
    "column header": {"value": "Empagliflozin", "confidence": "high"},
    "citation": "[1](https://gla-my.sharepoint.com/personal/z_zhai_1_research_gla_ac_uk/Documents/Microsoft%20Copilot%20Chat%20Files/778_table1.html)"
  },
  {
    "data": {"value": "11 (55)", "confidence": "high"},
    "location": {"row_index": 16, "col_index": 5, "confidence": "high"},
    "row header": {
      "1-level row header": {"value": "Clinical", "confidence": "high"},
      "2-level row header": {"value": "History of CVDc", "confidence": "high"},
      "3-level row header": {"value": "History of CVDc and age ≥60 years", "confidence": "high"}
    },
    "column header": {"value": "Combination", "confidence": "high"},
    "citation": "[1](https://gla-my.sharepoint.com/personal/z_zhai_1_research_gla_ac_uk/Documents/Microsoft%20Copilot%20Chat%20Files/778_table1.html)"
  },
  {
    "data": {"value": "–", "confidence": "high"},
    "location": {"row_index": 16, "col_index": 6, "confidence": "high"},
    "row header": {
      "1-level row header": {"value": "Clinical", "confidence": "high"},
      "2-level row header": {"value": "History of CVDc", "confidence": "high"},
      "3-level row header": {"value": "History of CVDc and age ≥60 years", "confidence": "high"}
    },
    "column header": {"value": "p value", "confidence": "high"},
    "citation": "[1](https://gla-my.sharepoint.com/personal/z_zhai_1_research_gla_ac_uk/Documents/Microsoft%20Copilot%20Chat%20Files/778_table1.html)"
  },

  {
    "data": {"value": "60 (51–67)", "confidence": "high"},
    "location": {"row_index": 18, "col_index": 2, "confidence": "high"},
    "row header": {
      "1-level row header": {"value": "Biochemistry", "confidence": "high"},
      "2-level row header": {"value": "HbA1c, mmol/mol", "confidence": "high"}
    },
    "column header": {"value": "Placebo", "confidence": "high"},
    "citation": "[1](https://gla-my.sharepoint.com/personal/z_zhai_1_research_gla_ac_uk/Documents/Microsoft%20Copilot%20Chat%20Files/778_table1.html)"
  },
  {
    "data": {"value": "59 (52–62)", "confidence": "high"},
    "location": {"row_index": 18, "col_index": 3, "confidence": "high"},
    "row header": {
      "1-level row header": {"value": "Biochemistry", "confidence": "high"},
      "2-level row header": {"value": "HbA1c, mmol/mol", "confidence": "high"}
    },
    "column header": {"value": "Semaglutide", "confidence": "high"},
    "citation": "[1](https://gla-my.sharepoint.com/personal/z_zhai_1_research_gla_ac_uk/Documents/Microsoft%20Copilot%20Chat%20Files/778_table1.html)"
  },
  {
    "data": {"value": "57 (52–60)", "confidence": "high"},
    "location": {"row_index": 18, "col_index": 4, "confidence": "high"},
    "row header": {
      "1-level row header": {"value": "Biochemistry", "confidence": "high"},
      "2-level row header": {"value": "HbA1c, mmol/mol", "confidence": "high"}
    },
    "column header": {"value": "Empagliflozin", "confidence": "high"},
    "citation": "[1](https://gla-my.sharepoint.com/personal/z_zhai_1_research_gla_ac_uk/Documents/Microsoft%20Copilot%20Chat%20Files/778_table1.html)"
  },
  {
    "data": {"value": "58 (50–74)", "confidence": "high"},
    "location": {"row_index": 18, "col_index": 5, "confidence": "high"},
    "row header": {
      "1-level row header": {"value": "Biochemistry", "confidence": "high"},
      "2-level row header": {"value": "HbA1c, mmol/mol", "confidence": "high"}
    },
    "column header": {"value": "Combination", "confidence": "high"},
    "citation": "[1](https://gla-my.sharepoint.com/personal/z_zhai_1_research_gla_ac_uk/Documents/Microsoft%20Copilot%20Chat%20Files/778_table1.html)"
  },
  {
    "data": {"value": "0.85", "confidence": "high"},
    "location": {"row_index": 18, "col_index": 6, "confidence": "high"},
    "row header": {
      "1-level row header": {"value": "Biochemistry", "confidence": "high"},
      "2-level row header": {"value": "HbA1c, mmol/mol", "confidence": "high"}
    },
    "column header": {"value": "p value", "confidence": "high"},
    "citation": "[1](https://gla-my.sharepoint.com/personal/z_zhai_1_research_gla_ac_uk/Documents/Microsoft%20Copilot%20Chat%20Files/778_table1.html)"
  },

  {
    "data": {"value": "7.6 (6.8–8.3)", "confidence": "high"},
    "location": {"row_index": 19, "col_index": 2, "confidence": "high"},
    "row header": {
      "1-level row header": {"value": "Biochemistry", "confidence": "high"},
      "2-level row header": {"value": "HbA1c, %", "confidence": "high"}
    },
    "column header": {"value": "Placebo", "confidence": "high"},
    "citation": "[1](https://gla-my.sharepoint.com/personal/z_zhai_1_research_gla_ac_uk/Documents/Microsoft%20Copilot%20Chat%20Files/778_table1.html)"
  },
  {
    "data": {"value": "7.5 (6.9–7.8)", "confidence": "high"},
    "location": {"row_index": 19, "col_index": 3, "confidence": "high"},
    "row header": {
      "1-level row header": {"value": "Biochemistry", "confidence": "high"},
      "2-level row header": {"value": "HbA1c, %", "confidence": "high"}
    },
    "column header": {"value": "Semaglutide", "confidence": "high"},
    "citation": "[1](https://gla-my.sharepoint.com/personal/z_zhai_1_research_gla_ac_uk/Documents/Microsoft%20Copilot%20Chat%20Files/778_table1.html)"
  },
  {
    "data": {"value": "7.4 (6.9–7.6)", "confidence": "high"},
    "location": {"row_index": 19, "col_index": 4, "confidence": "high"},
    "row header": {
      "1-level row header": {"value": "Biochemistry", "confidence": "high"},
      "2-level row header": {"value": "HbA1c, %", "confidence": "high"}
    },
    "column header": {"value": "Empagliflozin", "confidence": "high"},
    "citation": "[1](https://gla-my.sharepoint.com/personal/z_zhai_1_research_gla_ac_uk/Documents/Microsoft%20Copilot%20Chat%20Files/778_table1.html)"
  },
  {
    "data": {"value": "7.5 (6.7–8.9)", "confidence": "high"},
    "location": {"row_index": 19, "col_index": 5, "confidence": "high"},
    "row header": {
      "1-level row header": {"value": "Biochemistry", "confidence": "high"},
      "2-level row header": {"value": "HbA1c, %", "confidence": "high"}
    },
    "column header": {"value": "Combination", "confidence": "high"},
    "citation": "[1](https://gla-my.sharepoint.com/personal/z_zhai_1_research_gla_ac_uk/Documents/Microsoft%20Copilot%20Chat%20Files/778_table1.html)"
  },
  {
    "data": {"value": "–", "confidence": "high"},
    "location": {"row_index": 19, "col_index": 6, "confidence": "high"},
    "row header": {
      "1-level row header": {"value": "Biochemistry", "confidence": "high"},
      "2-level row header": {"value": "HbA1c, %", "confidence": "high"}
    },
    "column header": {"value": "p value", "confidence": "high"},
    "citation": "[1](https://gla-my.sharepoint.com/personal/z_zhai_1_research_gla_ac_uk/Documents/Microsoft%20Copilot%20Chat%20Files/778_table1.html)"
  },

  {
    "data": {"value": "8.7 ± 2.5", "confidence": "high"},
    "location": {"row_index": 20, "col_index": 2, "confidence": "high"},
    "row header": {
      "1-level row header": {"value": "Biochemistry", "confidence": "high"},
      "2-level row header": {"value": "Plasma glucose, mmol/l", "confidence": "high"}
    },
    "column header": {"value": "Placebo", "confidence": "high"},
    "citation": "[1](https://gla-my.sharepoint.com/personal/z_zhai_1_research_gla_ac_uk/Documents/Microsoft%20Copilot%20Chat%20Files/778_table1.html)"
  },
  {
    "data": {"value": "8.4 ± 3.0", "confidence": "high"},
    "location": {"row_index": 20, "col_index": 3, "confidence": "high"},
    "row header": {
      "1-level row header": {"value": "Biochemistry", "confidence": "high"},
      "2-level row header": {"value": "Plasma glucose, mmol/l", "confidence": "high"}
    },
    "column header": {"value": "Semaglutide", "confidence": "high"},
    "citation": "[1](https://gla-my.sharepoint.com/personal/z_zhai_1_research_gla_ac_uk/Documents/Microsoft%20Copilot%20Chat%20Files/778_table1.html)"
  },
  {
    "data": {"value": "8.1 ± 2.2", "confidence": "high"},
    "location": {"row_index": 20, "col_index": 4, "confidence": "high"},
    "row header": {
      "1-level row header": {"value": "Biochemistry", "confidence": "high"},
      "2-level row header": {"value": "Plasma glucose, mmol/l", "confidence": "high"}
    },
    "column header": {"value": "Empagliflozin", "confidence": "high"},
    "citation": "[1](https://gla-my.sharepoint.com/personal/z_zhai_1_research_gla_ac_uk/Documents/Microsoft%20Copilot%20Chat%20Files/778_table1.html)"
  },
  {
    "data": {"value": "9.5 ± 4.6", "confidence": "high"},
    "location": {"row_index": 20, "col_index": 5, "confidence": "high"},
    "row header": {
      "1-level row header": {"value": "Biochemistry", "confidence": "high"},
      "2-level row header": {"value": "Plasma glucose, mmol/l", "confidence": "high"}
    },
    "column header": {"value": "Combination", "confidence": "high"},
    "citation": "[1](https://gla-my.sharepoint.com/personal/z_zhai_1_research_gla_ac_uk/Documents/Microsoft%20Copilot%20Chat%20Files/778_table1.html)"
  },
  {
    "data": {"value": "0.76", "confidence": "high"},
    "location": {"row_index": 20, "col_index": 6, "confidence": "high"},
    "row header": {
      "1-level row header": {"value": "Biochemistry", "confidence": "high"},
      "2-level row header": {"value": "Plasma glucose, mmol/l", "confidence": "high"}
    },
    "column header": {"value": "p value", "confidence": "high"},
    "citation": "[1](https://gla-my.sharepoint.com/personal/z_zhai_1_research_gla_ac_uk/Documents/Microsoft%20Copilot%20Chat%20Files/778_table1.html)"
  },

  {
    "data": {"value": "0.46 ± 0.04", "confidence": "high"},
    "location": {"row_index": 21, "col_index": 2, "confidence": "high"},
    "row header": {
      "1-level row header": {"value": "Biochemistry", "confidence": "high"},
      "2-level row header": {"value": "Haematocrit, vol%", "confidence": "high"}
    },
    "column header": {"value": "Placebo", "confidence": "high"},
    "citation": "[1](https://gla-my.sharepoint.com/personal/z_zhai_1_research_gla_ac_uk/Documents/Microsoft%20Copilot%20Chat%20Files/778_table1.html)"
  },
  {
    "data": {"value": "0.43 ± 0.04", "confidence": "high"},
    "location": {"row_index": 21, "col_index": 3, "confidence": "high"},
    "row header": {
      "1-level row header": {"value": "Biochemistry", "confidence": "high"},
      "2-level row header": {"value": "Haematocrit, vol%", "confidence": "high"}
    },
    "column header": {"value": "Semaglutide", "confidence": "high"},
    "citation": "[1](https://gla-my.sharepoint.com/personal/z_zhai_1_research_gla_ac_uk/Documents/Microsoft%20Copilot%20Chat%20Files/778_table1.html)"
  },
  {
    "data": {"value": "0.43 ± 0.04", "confidence": "high"},
    "location": {"row_index": 21, "col_index": 4, "confidence": "high"},
    "row header": {
      "1-level row header": {"value": "Biochemistry", "confidence": "high"},
      "2-level row header": {"value": "Haematocrit, vol%", "confidence": "high"}
    },
    "column header": {"value": "Empagliflozin", "confidence": "high"},
    "citation": "[1](https://gla-my.sharepoint.com/personal/z_zhai_1_research_gla_ac_uk/Documents/Microsoft%20Copilot%20Chat%20Files/778_table1.html)"
  },
  {
    "data": {"value": "0.41 ± 0.05", "confidence": "high"},
    "location": {"row_index": 21, "col_index": 5, "confidence": "high"},
    "row header": {
      "1-level row header": {"value": "Biochemistry", "confidence": "high"},
      "2-level row header": {"value": "Haematocrit, vol%", "confidence": "high"}
    },
    "column header": {"value": "Combination", "confidence": "high"},
    "citation": "[1](https://gla-my.sharepoint.com/personal/z_zhai_1_research_gla_ac_uk/Documents/Microsoft%20Copilot%20Chat%20Files/778_table1.html)"
  },
  {
    "data": {"value": "0.02", "confidence": "high"},
    "location": {"row_index": 21, "col_index": 6, "confidence": "high"},
    "row header": {
      "1-level row header": {"value": "Biochemistry", "confidence": "high"},
      "2-level row header": {"value": "Haematocrit, vol%", "confidence": "high"}
    },
    "column header": {"value": "p value", "confidence": "high"},
    "citation": "[1](https://gla-my.sharepoint.com/personal/z_zhai_1_research_gla_ac_uk/Documents/Microsoft%20Copilot%20Chat%20Files/778_table1.html)"
  },

  {
    "data": {"value": "8 (6–11)", "confidence": "high"},
    "location": {"row_index": 22, "col_index": 2, "confidence": "high"},
    "row header": {
      "1-level row header": {"value": "Biochemistry", "confidence": "high"},
      "2-level row header": {"value": "P-EPO, U/l", "confidence": "high"}
    },
    "column header": {"value": "Placebo", "confidence": "high"},
    "citation": "[1](https://gla-my.sharepoint.com/personal/z_zhai_1_research_gla_ac_uk/Documents/Microsoft%20Copilot%20Chat%20Files/778_table1.html)"
  },
  {
    "data": {"value": "10 (8–15)", "confidence": "high"},
    "location": {"row_index": 22, "col_index": 3, "confidence": "high"},
    "row header": {
      "1-level row header": {"value": "Biochemistry", "confidence": "high"},
      "2-level row header": {"value": "P-EPO, U/l", "confidence": "high"}
    },
    "column header": {"value": "Semaglutide", "confidence": "high"},
    "citation": "[1](https://gla-my.sharepoint.com/personal/z_zhai_1_research_gla_ac_uk/Documents/Microsoft%20Copilot%20Chat%20Files/778_table1.html)"
  },
  {
    "data": {"value": "10 (7–15)", "confidence": "high"},
    "location": {"row_index": 22, "col_index": 4, "confidence": "high"},
    "row header": {
      "1-level row header": {"value": "Biochemistry", "confidence": "high"},
      "2-level row header": {"value": "P-EPO, U/l", "confidence": "high"}
    },
    "column header": {"value": "Empagliflozin", "confidence": "high"},
    "citation": "[1](https://gla-my.sharepoint.com/personal/z_zhai_1_research_gla_ac_uk/Documents/Microsoft%20Copilot%20Chat%20Files/778_table1.html)"
  },
  {
    "data": {"value": "11 (9–17)", "confidence": "high"},
    "location": {"row_index": 22, "col_index": 5, "confidence": "high"},
    "row header": {
      "1-level row header": {"value": "Biochemistry", "confidence": "high"},
      "2-level row header": {"value": "P-EPO, U/l", "confidence": "high"}
    },
    "column header": {"value": "Combination", "confidence": "high"},
    "citation": "[1](https://gla-my.sharepoint.com/personal/z_zhai_1_research_gla_ac_uk/Documents/Microsoft%20Copilot%20Chat%20Files/778_table1.html)"
  },
  {
    "data": {"value": "0.12", "confidence": "high"},
    "location": {"row_index": 22, "col_index": 6, "confidence": "high"},
    "row header": {
      "1-level row header": {"value": "Biochemistry", "confidence": "high"},
      "2-level row header": {"value": "P-EPO, U/l", "confidence": "high"}
    },
    "column header": {"value": "p value", "confidence": "high"},
    "citation": "[1](https://gla-my.sharepoint.com/personal/z_zhai_1_research_gla_ac_uk/Documents/Microsoft%20Copilot%20Chat%20Files/778_table1.html)"
  },

  {
    "data": {"value": "1.58 (0.57–10.74)", "confidence": "high"},
    "location": {"row_index": 23, "col_index": 2, "confidence": "high"},
    "row header": {
      "1-level row header": {"value": "Biochemistry", "confidence": "high"},
      "2-level row header": {"value": "UACR, mg/mmol", "confidence": "high"}
    },
    "column header": {"value": "Placebo", "confidence": "high"},
    "citation": "[1](https://gla-my.sharepoint.com/personal/z_zhai_1_research_gla_ac_uk/Documents/Microsoft%20Copilot%20Chat%20Files/778_table1.html)"
  },
  {
    "data": {"value": "2.83 (0.9–9.49)", "confidence": "high"},
    "location": {"row_index": 23, "col_index": 3, "confidence": "high"},
    "row header": {
      "1-level row header": {"value": "Biochemistry", "confidence": "high"},
      "2-level row header": {"value": "UACR, mg/mmol", "confidence": "high"}
    },
    "column header": {"value": "Semaglutide", "confidence": "high"},
    "citation": "[1](https://gla-my.sharepoint.com/personal/z_zhai_1_research_gla_ac_uk/Documents/Microsoft%20Copilot%20Chat%20Files/778_table1.html)"
  },
  {
    "data": {"value": "1.24 (0.9–2.03)", "confidence": "high"},
    "location": {"row_index": 23, "col_index": 4, "confidence": "high"},
    "row header": {
      "1-level row header": {"value": "Biochemistry", "confidence": "high"},
      "2-level row header": {"value": "UACR, mg/mmol", "confidence": "high"}
    },
    "column header": {"value": "Empagliflozin", "confidence": "high"},
    "citation": "[1](https://gla-my.sharepoint.com/personal/z_zhai_1_research_gla_ac_uk/Documents/Microsoft%20Copilot%20Chat%20Files/778_table1.html)"
  },
  {
    "data": {"value": "1.81 (0.79–7.23)", "confidence": "high"},
    "location": {"row_index": 23, "col_index": 5, "confidence": "high"},
    "row header": {
      "1-level row header": {"value": "Biochemistry", "confidence": "high"},
      "2-level row header": {"value": "UACR, mg/mmol", "confidence": "high"}
    },
    "column header": {"value": "Combination", "confidence": "high"},
    "citation": "[1](https://gla-my.sharepoint.com/personal/z_zhai_1_research_gla_ac_uk/Documents/Microsoft%20Copilot%20Chat%20Files/778_table1.html)"
  },
  {
    "data": {"value": "0.76", "confidence": "high"},
    "location": {"row_index": 23, "col_index": 6, "confidence": "high"},
    "row header": {
      "1-level row header": {"value": "Biochemistry", "confidence": "high"},
      "2-level row header": {"value": "UACR, mg/mmol", "confidence": "high"}
    },
    "column header": {"value": "p value", "confidence": "high"},
    "citation": "[1](https://gla-my.sharepoint.com/personal/z_zhai_1_research_gla_ac_uk/Documents/Microsoft%20Copilot%20Chat%20Files/778_table1.html)"
  },

  {
    "data": {"value": "7 (35)", "confidence": "high"},
    "location": {"row_index": 24, "col_index": 2, "confidence": "high"},
    "row header": {
      "1-level row header": {"value": "Biochemistry", "confidence": "high"},
      "2-level row header": {"value": "UACR 3–30 mg/mmol", "confidence": "high"}
    },
    "column header": {"value": "Placebo", "confidence": "high"},
    "citation": "[1](https://gla-my.sharepoint.com/personal/z_zhai_1_research_gla_ac_uk/Documents/Microsoft%20Copilot%20Chat%20Files/778_table1.html)"
  },
  {
    "data": {"value": "8 (40)", "confidence": "high"},
    "location": {"row_index": 24, "col_index": 3, "confidence": "high"},
    "row header": {
      "1-level row header": {"value": "Biochemistry", "confidence": "high"},
      "2-level row header": {"value": "UACR 3–30 mg/mmol", "confidence": "high"}
    },
    "column header": {"value": "Semaglutide", "confidence": "high"},
    "citation": "[1](https://gla-my.sharepoint.com/personal/z_zhai_1_research_gla_ac_uk/Documents/Microsoft%20Copilot%20Chat%20Files/778_table1.html)"
  },
  {
    "data": {"value": "3 (15)", "confidence": "high"},
    "location": {"row_index": 24, "col_index": 4, "confidence": "high"},
    "row header": {
      "1-level row header": {"value": "Biochemistry", "confidence": "high"},
      "2-level row header": {"value": "UACR 3–30 mg/mmol", "confidence": "high"}
    },
    "column header": {"value": "Empagliflozin", "confidence": "high"},
    "citation": "[1](https://gla-my.sharepoint.com/personal/z_zhai_1_research_gla_ac_uk/Documents/Microsoft%20Copilot%20Chat%20Files/778_table1.html)"
  },
  {
    "data": {"value": "7 (35)", "confidence": "high"},
    "location": {"row_index": 24, "col_index": 5, "confidence": "high"},
    "row header": {
      "1-level row header": {"value": "Biochemistry", "confidence": "high"},
      "2-level row header": {"value": "UACR 3–30 mg/mmol", "confidence": "high"}
    },
    "column header": {"value": "Combination", "confidence": "high"},
    "citation": "[1](https://gla-my.sharepoint.com/personal/z_zhai_1_research_gla_ac_uk/Documents/Microsoft%20Copilot%20Chat%20Files/778_table1.html)"
  },
  {
    "data": {"value": "–", "confidence": "high"},
    "location": {"row_index": 24, "col_index": 6, "confidence": "high"},
    "row header": {
      "1-level row header": {"value": "Biochemistry", "confidence": "high"},
      "2-level row header": {"value": "UACR 3–30 mg/mmol", "confidence": "high"}
    },
    "column header": {"value": "p value", "confidence": "high"},
    "citation": "[1](https://gla-my.sharepoint.com/personal/z_zhai_1_research_gla_ac_uk/Documents/Microsoft%20Copilot%20Chat%20Files/778_table1.html)"
  },

  {
    "data": {"value": "2 (10)", "confidence": "high"},
    "location": {"row_index": 25, "col_index": 2, "confidence": "high"},
    "row header": {
      "1-level row header": {"value": "Biochemistry", "confidence": "high"},
      "2-level row header": {"value": "UACR >30 mg/mmol", "confidence": "high"}
    },
    "column header": {"value": "Placebo", "confidence": "high"},
    "citation": "[1](https://gla-my.sharepoint.com/personal/z_zhai_1_research_gla_ac_uk/Documents/Microsoft%20Copilot%20Chat%20Files/778_table1.html)"
  },
  {
    "data": {"value": "0 (0)", "confidence": "high"},
    "location": {"row_index": 25, "col_index": 3, "confidence": "high"},
    "row header": {
      "1-level row header": {"value": "Biochemistry", "confidence": "high"},
      "2-level row header": {"value": "UACR >30 mg/mmol", "confidence": "high"}
    },
    "column header": {"value": "Semaglutide", "confidence": "high"},
    "citation": "[1](https://gla-my.sharepoint.com/personal/z_zhai_1_research_gla_ac_uk/Documents/Microsoft%20Copilot%20Chat%20Files/778_table1.html)"
  },
  {
    "data": {"value": "0 (0)", "confidence": "high"},
    "location": {"row_index": 25, "col_index": 4, "confidence": "high"},
    "row header": {
      "1-level row header": {"value": "Biochemistry", "confidence": "high"},
      "2-level row header": {"value": "UACR >30 mg/mmol", "confidence": "high"}
    },
    "column header": {"value": "Empagliflozin", "confidence": "high"},
    "citation": "[1](https://gla-my.sharepoint.com/personal/z_zhai_1_research_gla_ac_uk/Documents/Microsoft%20Copilot%20Chat%20Files/778_table1.html)"
  },
  {
    "data": {"value": "1 (5)", "confidence": "high"},
    "location": {"row_index": 25, "col_index": 5, "confidence": "high"},
    "row header": {
      "1-level row header": {"value": "Biochemistry", "confidence": "high"},
      "2-level row header": {"value": "UACR >30 mg/mmol", "confidence": "high"}
    },
    "column header": {"value": "Combination", "confidence": "high"},
    "citation": "[1](https://gla-my.sharepoint.com/personal/z_zhai_1_research_gla_ac_uk/Documents/Microsoft%20Copilot%20Chat%20Files/778_table1.html)"
  },
  {
    "data": {"value": "–", "confidence": "high"},
    "location": {"row_index": 25, "col_index": 6, "confidence": "high"},
    "row header": {
      "1-level row header": {"value": "Biochemistry", "confidence": "high"},
      "2-level row header": {"value": "UACR >30 mg/mmol", "confidence": "high"}
    },
    "column header": {"value": "p value", "confidence": "high"},
    "citation": "[1](https://gla-my.sharepoint.com/personal/z_zhai_1_research_gla_ac_uk/Documents/Microsoft%20Copilot%20Chat%20Files/778_table1.html)"
  },

  {
    "data": {"value": "91 ± 23a", "confidence": "high"},
    "location": {"row_index": 26, "col_index": 2, "confidence": "high"},
    "row header": {
      "1-level row header": {"value": "Biochemistry", "confidence": "high"},
      "2-level row header": {"value": "GFR, ml/min per 1.73 m2", "confidence": "high"}
    },
    "column header": {"value": "Placebo", "confidence": "high"},
    "citation": "[1](https://gla-my.sharepoint.com/personal/z_zhai_1_research_gla_ac_uk/Documents/Microsoft%20Copilot%20Chat%20Files/778_table1.html)"
  },
  {
    "data": {"value": "87 ± 21d", "confidence": "high"},
    "location": {"row_index": 26, "col_index": 3, "confidence": "high"},
    "row header": {
      "1-level row header": {"value": "Biochemistry", "confidence": "high"},
      "2-level row header": {"value": "GFR, ml/min per 1.73 m2", "confidence": "high"}
    },
    "column header": {"value": "Semaglutide", "confidence": "high"},
    "citation": "[1](https://gla-my.sharepoint.com/personal/z_zhai_1_research_gla_ac_uk/Documents/Microsoft%20Copilot%20Chat%20Files/778_table1.html)"
  },
  {
    "data": {"value": "88 ± 18", "confidence": "high"},
    "location": {"row_index": 26, "col_index": 4, "confidence": "high"},
    "row header": {
      "1-level row header": {"value": "Biochemistry", "confidence": "high"},
      "2-level row header": {"value": "GFR, ml/min per 1.73 m2", "confidence": "high"}
    },
    "column header": {"value": "Empagliflozin", "confidence": "high"},
    "citation": "[1](https://gla-my.sharepoint.com/personal/z_zhai_1_research_gla_ac_uk/Documents/Microsoft%20Copilot%20Chat%20Files/778_table1.html)"
  },
  {
    "data": {"value": "81 ± 26", "confidence": "high"},
    "location": {"row_index": 26, "col_index": 5, "confidence": "high"},
    "row header": {
      "1-level row header": {"value": "Biochemistry", "confidence": "high"},
      "2-level row header": {"value": "GFR, ml/min per 1.73 m2", "confidence": "high"}
    },
    "column header": {"value": "Combination", "confidence": "high"},
    "citation": "[1](https://gla-my.sharepoint.com/personal/z_zhai_1_research_gla_ac_uk/Documents/Microsoft%20Copilot%20Chat%20Files/778_table1.html)"
  },
  {
    "data": {"value": "0.43", "confidence": "high"},
    "location": {"row_index": 26, "col_index": 6, "confidence": "high"},
    "row header": {
      "1-level row header": {"value": "Biochemistry", "confidence": "high"},
      "2-level row header": {"value": "GFR, ml/min per 1.73 m2", "confidence": "high"}
    },
    "column header": {"value": "p value", "confidence": "high"},
    "citation": "[1](https://gla-my.sharepoint.com/personal/z_zhai_1_research_gla_ac_uk/Documents/Microsoft%20Copilot%20Chat%20Files/778_table1.html)"
  },

  {
    "data": {"value": "3 (15)", "confidence": "high"},
    "location": {"row_index": 27, "col_index": 2, "confidence": "high"},
    "row header": {
      "1-level row header": {"value": "Biochemistry", "confidence": "high"},
      "2-level row header": {"value": "GFR <60 ml/min per 1.73 m2", "confidence": "high"}
    },
    "column header": {"value": "Placebo", "confidence": "high"},
    "citation": "[1](https://gla-my.sharepoint.com/personal/z_zhai_1_research_gla_ac_uk/Documents/Microsoft%20Copilot%20Chat%20Files/778_table1.html)"
  },
  {
    "data": {"value": "1 (5)", "confidence": "high"},
    "location": {"row_index": 27, "col_index": 3, "confidence": "high"},
    "row header": {
      "1-level row header": {"value": "Biochemistry", "confidence": "high"},
      "2-level row header": {"value": "GFR <60 ml/min per 1.73 m2", "confidence": "high"}
    },
    "column header": {"value": "Semaglutide", "confidence": "high"},
    "citation": "[1](https://gla-my.sharepoint.com/personal/z_zhai_1_research_gla_ac_uk/Documents/Microsoft%20Copilot%20Chat%20Files/778_table1.html)"
  },
  {
    "data": {"value": "1 (5)", "confidence": "high"},
    "location": {"row_index": 27, "col_index": 4, "confidence": "high"},
    "row header": {
      "1-level row header": {"value": "Biochemistry", "confidence": "high"},
      "2-level row header": {"value": "GFR <60 ml/min per 1.73 m2", "confidence": "high"}
    },
    "column header": {"value": "Empagliflozin", "confidence": "high"},
    "citation": "[1](https://gla-my.sharepoint.com/personal/z_zhai_1_research_gla_ac_uk/Documents/Microsoft%20Copilot%20Chat%20Files/778_table1.html)"
  },
  {
    "data": {"value": "5 (25)", "confidence": "high"},
    "location": {"row_index": 27, "col_index": 5, "confidence": "high"},
    "row header": {
      "1-level row header": {"value": "Biochemistry", "confidence": "high"},
      "2-level row header": {"value": "GFR <60 ml/min per 1.73 m2", "confidence": "high"}
    },
    "column header": {"value": "Combination", "confidence": "high"},
    "citation": "[1](https://gla-my.sharepoint.com/personal/z_zhai_1_research_gla_ac_uk/Documents/Microsoft%20Copilot%20Chat%20Files/778_table1.html)"
  },
  {
    "data": {"value": "–", "confidence": "high"},
    "location": {"row_index": 27, "col_index": 6, "confidence": "high"},
    "row header": {
      "1-level row header": {"value": "Biochemistry", "confidence": "high"},
      "2-level row header": {"value": "GFR <60 ml/min per 1.73 m2", "confidence": "high"}
    },
    "column header": {"value": "p value", "confidence": "high"},
    "citation": "[1](https://gla-my.sharepoint.com/personal/z_zhai_1_research_gla_ac_uk/Documents/Microsoft%20Copilot%20Chat%20Files/778_table1.html)"
  },

  {
    "data": {"value": "18 (90)", "confidence": "high"},
    "location": {"row_index": 29, "col_index": 2, "confidence": "high"},
    "row header": {
      "1-level row header": {"value": "Medication", "confidence": "high"},
      "2-level row header": {"value": "Metformin", "confidence": "high"}
    },
    "column header": {"value": "Placebo", "confidence": "high"},
    "citation": "[1](https://gla-my.sharepoint.com/personal/z_zhai_1_research_gla_ac_uk/Documents/Microsoft%20Copilot%20Chat%20Files/778_table1.html)"
  },
  {
    "data": {"value": "17 (85)", "confidence": "high"},
    "location": {"row_index": 29, "col_index": 3, "confidence": "high"},
    "row header": {
      "1-level row header": {"value": "Medication", "confidence": "high"},
      "2-level row header": {"value": "Metformin", "confidence": "high"}
    },
    "column header": {"value": "Semaglutide", "confidence": "high"},
    "citation": "[1](https://gla-my.sharepoint.com/personal/z_zhai_1_research_gla_ac_uk/Documents/Microsoft%20Copilot%20Chat%20Files/778_table1.html)"
  },
  {
    "data": {"value": "18 (90)", "confidence": "high"},
    "location": {"row_index": 29, "col_index": 4, "confidence": "high"},
    "row header": {
      "1-level row header": {"value": "Medication", "confidence": "high"},
      "2-level row header": {"value": "Metformin", "confidence": "high"}
    },
    "column header": {"value": "Empagliflozin", "confidence": "high"},
    "citation": "[1](https://gla-my.sharepoint.com/personal/z_zhai_1_research_gla_ac_uk/Documents/Microsoft%20Copilot%20Chat%20Files/778_table1.html)"
  },
  {
    "data": {"value": "20 (100)", "confidence": "high"},
    "location": {"row_index": 29, "col_index": 5, "confidence": "high"},
    "row header": {
      "1-level row header": {"value": "Medication", "confidence": "high"},
      "2-level row header": {"value": "Metformin", "confidence": "high"}
    },
    "column header": {"value": "Combination", "confidence": "high"},
    "citation": "[1](https://gla-my.sharepoint.com/personal/z_zhai_1_research_gla_ac_uk/Documents/Microsoft%20Copilot%20Chat%20Files/778_table1.html)"
  },
  {
    "data": {"value": "0.40", "confidence": "high"},
    "location": {"row_index": 29, "col_index": 6, "confidence": "high"},
    "row header": {
      "1-level row header": {"value": "Medication", "confidence": "high"},
      "2-level row header": {"value": "Metformin", "confidence": "high"}
    },
    "column header": {"value": "p value", "confidence": "high"},
    "citation": "[1](https://gla-my.sharepoint.com/personal/z_zhai_1_research_gla_ac_uk/Documents/Microsoft%20Copilot%20Chat%20Files/778_table1.html)"
  },

  {
    "data": {"value": "4 (20)", "confidence": "high"},
    "location": {"row_index": 30, "col_index": 2, "confidence": "high"},
    "row header": {
      "1-level row header": {"value": "Medication", "confidence": "high"},
      "2-level row header": {"value": "Insulin therapy", "confidence": "high"}
    },
    "column header": {"value": "Placebo", "confidence": "high"},
    "citation": "[1](https://gla-my.sharepoint.com/personal/z_zhai_1_research_gla_ac_uk/Documents/Microsoft%20Copilot%20Chat%20Files/778_table1.html)"
  },
  {
    "data": {"value": "4 (20)", "confidence": "high"},
    "location": {"row_index": 30, "col_index": 3, "confidence": "high"},
    "row header": {
      "1-level row header": {"value": "Medication", "confidence": "high"},
      "2-level row header": {"value": "Insulin therapy", "confidence": "high"}
    },
    "column header": {"value": "Semaglutide", "confidence": "high"},
    "citation": "[1](https://gla-my.sharepoint.com/personal/z_zhai_1_research_gla_ac_uk/Documents/Microsoft%20Copilot%20Chat%20Files/778_table1.html)"
  },
  {
    "data": {"value": "6 (30)", "confidence": "high"},
    "location": {"row_index": 30, "col_index": 4, "confidence": "high"},
    "row header": {
      "1-level row header": {"value": "Medication", "confidence": "high"},
      "2-level row header": {"value": "Insulin therapy", "confidence": "high"}
    },
    "column header": {"value": "Empagliflozin", "confidence": "high"},
    "citation": "[1](https://gla-my.sharepoint.com/personal/z_zhai_1_research_gla_ac_uk/Documents/Microsoft%20Copilot%20Chat%20Files/778_table1.html)"
  },
  {
    "data": {"value": "2 (10)", "confidence": "high"},
    "location": {"row_index": 30, "col_index": 5, "confidence": "high"},
    "row header": {
      "1-level row header": {"value": "Medication", "confidence": "high"},
      "2-level row header": {"value": "Insulin therapy", "confidence": "high"}
    },
    "column header": {"value": "Combination", "confidence": "high"},
    "citation": "[1](https://gla-my.sharepoint.com/personal/z_zhai_1_research_gla_ac_uk/Documents/Microsoft%20Copilot%20Chat%20Files/778_table1.html)"
  },
  {
    "data": {"value": "0.47", "confidence": "high"},
    "location": {"row_index": 30, "col_index": 6, "confidence": "high"},
    "row header": {
      "1-level row header": {"value": "Medication", "confidence": "high"},
      "2-level row header": {"value": "Insulin therapy", "confidence": "high"}
    },
    "column header": {"value": "p value", "confidence": "high"},
    "citation": "[1](https://gla-my.sharepoint.com/personal/z_zhai_1_research_gla_ac_uk/Documents/Microsoft%20Copilot%20Chat%20Files/778_table1.html)"
  },

  {
    "data": {"value": "16 (80)", "confidence": "high"},
    "location": {"row_index": 31, "col_index": 2, "confidence": "high"},
    "row header": {
      "1-level row header": {"value": "Medication", "confidence": "high"},
      "2-level row header": {"value": "Renin–angiotensin–aldosterone system blocker", "confidence": "high"}
    },
    "column header": {"value": "Placebo", "confidence": "high"},
    "citation": "[1](https://gla-my.sharepoint.com/personal/z_zhai_1_research_gla_ac_uk/Documents/Microsoft%20Copilot%20Chat%20Files/778_table1.html)"
  },
  {
    "data": {"value": "15 (75)", "confidence": "high"},
    "location": {"row_index": 31, "col_index": 3, "confidence": "high"},
    "row header": {
      "1-level row header": {"value": "Medication", "confidence": "high"},
      "2-level row header": {"value": "Renin–angiotensin–aldosterone system blocker", "confidence": "high"}
    },
    "column header": {"value": "Semaglutide", "confidence": "high"},
    "citation": "[1](https://gla-my.sharepoint.com/personal/z_zhai_1_research_gla_ac_uk/Documents/Microsoft%20Copilot%20Chat%20Files/778_table1.html)"
  },
  {
    "data": {"value": "14 (70)", "confidence": "high"},
    "location": {"row_index": 31, "col_index": 4, "confidence": "high"},
    "row header": {
      "1-level row header": {"value": "Medication", "confidence": "high"},
      "2-level row header": {"value": "Renin–angiotensin–aldosterone system blocker", "confidence": "high"}
    },
    "column header": {"value": "Empagliflozin", "confidence": "high"},
    "citation": "[1](https://gla-my.sharepoint.com/personal/z_zhai_1_research_gla_ac_uk/Documents/Microsoft%20Copilot%20Chat%20Files/778_table1.html)"
  },
  {
    "data": {"value": "18 (90)", "confidence": "high"},
    "location": {"row_index": 31, "col_index": 5, "confidence": "high"},
    "row header": {
      "1-level row header": {"value": "Medication", "confidence": "high"},
      "2-level row header": {"value": "Renin–angiotensin–aldosterone system blocker", "confidence": "high"}
    },
    "column header": {"value": "Combination", "confidence": "high"},
    "citation": "[1](https://gla-my.sharepoint.com/personal/z_zhai_1_research_gla_ac_uk/Documents/Microsoft%20Copilot%20Chat%20Files/778_table1.html)"
  },
  {
    "data": {"value": "0.45", "confidence": "high"},
    "location": {"row_index": 31, "col_index": 6, "confidence": "high"},
    "row header": {
      "1-level row header": {"value": "Medication", "confidence": "high"},
      "2-level row header": {"value": "Renin–angiotensin–aldosterone system blocker", "confidence": "high"}
    },
    "column header": {"value": "p value", "confidence": "high"},
    "citation": "[1](https://gla-my.sharepoint.com/personal/z_zhai_1_research_gla_ac_uk/Documents/Microsoft%20Copilot%20Chat%20Files/778_table1.html)"
  },

  {
    "data": {"value": "11 (55)", "confidence": "high"},
    "location": {"row_index": 32, "col_index": 2, "confidence": "high"},
    "row header": {
      "1-level row header": {"value": "Medication", "confidence": "high"},
      "2-level row header": {"value": "Calcium antagonist", "confidence": "high"}
    },
    "column header": {"value": "Placebo", "confidence": "high"},
    "citation": "[1](https://gla-my.sharepoint.com/personal/z_zhai_1_research_gla_ac_uk/Documents/Microsoft%20Copilot%20Chat%20Files/778_table1.html)"
  },
  {
    "data": {"value": "9 (45)", "confidence": "high"},
    "location": {"row_index": 32, "col_index": 3, "confidence": "high"},
    "row header": {
      "1-level row header": {"value": "Medication", "confidence": "high"},
      "2-level row header": {"value": "Calcium antagonist", "confidence": "high"}
    },
    "column header": {"value": "Semaglutide", "confidence": "high"},
    "citation": "[1](https://gla-my.sharepoint.com/personal/z_zhai_1_research_gla_ac_uk/Documents/Microsoft%20Copilot%20Chat%20Files/778_table1.html)"
  },
  {
    "data": {"value": "9 (45)", "confidence": "high"},
    "location": {"row_index": 32, "col_index": 4, "confidence": "high"},
    "row header": {
      "1-level row header": {"value": "Medication", "confidence": "high"},
      "2-level row header": {"value": "Calcium antagonist", "confidence": "high"}
    },
    "column header": {"value": "Empagliflozin", "confidence": "high"},
    "citation": "[1](https://gla-my.sharepoint.com/personal/z_zhai_1_research_gla_ac_uk/Documents/Microsoft%20Copilot%20Chat%20Files/778_table1.html)"
  },
  {
    "data": {"value": "7 (35)", "confidence": "high"},
    "location": {"row_index": 32, "col_index": 5, "confidence": "high"},
    "row header": {
      "1-level row header": {"value": "Medication", "confidence": "high"},
      "2-level row header": {"value": "Calcium antagonist", "confidence": "high"}
    },
    "column header": {"value": "Combination", "confidence": "high"},
    "citation": "[1](https://gla-my.sharepoint.com/personal/z_zhai_1_research_gla_ac_uk/Documents/Microsoft%20Copilot%20Chat%20Files/778_table1.html)"
  },
  {
    "data": {"value": "0.66", "confidence": "high"},
    "location": {"row_index": 32, "col_index": 6, "confidence": "high"},
    "row header": {
      "1-level row header": {"value": "Medication", "confidence": "high"},
      "2-level row header": {"value": "Calcium antagonist", "confidence": "high"}
    },
    "column header": {"value": "p value", "confidence": "high"},
    "citation": "[1](https://gla-my.sharepoint.com/personal/z_zhai_1_research_gla_ac_uk/Documents/Microsoft%20Copilot%20Chat%20Files/778_table1.html)"
  },

  {
    "data": {"value": "4 (20)", "confidence": "high"},
    "location": {"row_index": 33, "col_index": 2, "confidence": "high"},
    "row header": {
      "1-level row header": {"value": "Medication", "confidence": "high"},
      "2-level row header": {"value": "β-blocker", "confidence": "high"}
    },
    "column header": {"value": "Placebo", "confidence": "high"},
    "citation": "[1](https://gla-my.sharepoint.com/personal/z_zhai_1_research_gla_ac_uk/Documents/Microsoft%20Copilot%20Chat%20Files/778_table1.html)"
  },
  {
    "data": {"value": "12 (60)", "confidence": "high"},
    "location": {"row_index": 33, "col_index": 3, "confidence": "high"},
    "row header": {
      "1-level row header": {"value": "Medication", "confidence": "high"},
      "2-level row header": {"value": "β-blocker", "confidence": "high"}
    },
    "column header": {"value": "Semaglutide", "confidence": "high"},
    "citation": "[1](https://gla-my.sharepoint.com/personal/z_zhai_1_research_gla_ac_uk/Documents/Microsoft%20Copilot%20Chat%20Files/778_table1.html)"
  },
  {
    "data": {"value": "6 (30)", "confidence": "high"},
    "location": {"row_index": 33, "col_index": 4, "confidence": "high"},
    "row header": {
      "1-level row header": {"value": "Medication", "confidence": "high"},
      "2-level row header": {"value": "β-blocker", "confidence": "high"}
    },
    "column header": {"value": "Empagliflozin", "confidence": "high"},
    "citation": "[1](https://gla-my.sharepoint.com/personal/z_zhai_1_research_gla_ac_uk/Documents/Microsoft%20Copilot%20Chat%20Files/778_table1.html)"
  },
  {
    "data": {"value": "9 (45)", "confidence": "high"},
    "location": {"row_index": 33, "col_index": 5, "confidence": "high"},
    "row header": {
      "1-level row header": {"value": "Medication", "confidence": "high"},
      "2-level row header": {"value": "β-blocker", "confidence": "high"}
    },
    "column header": {"value": "Combination", "confidence": "high"},
    "citation": "[1](https://gla-my.sharepoint.com/personal/z_zhai_1_research_gla_ac_uk/Documents/Microsoft%20Copilot%20Chat%20Files/778_table1.html)"
  },
  {
    "data": {"value": "0.05", "confidence": "high"},
    "location": {"row_index": 33, "col_index": 6, "confidence": "high"},
    "row header": {
      "1-level row header": {"value": "Medication", "confidence": "high"},
      "2-level row header": {"value": "β-blocker", "confidence": "high"}
    },
    "column header": {"value": "p value", "confidence": "high"},
    "citation": "[1](https://gla-my.sharepoint.com/personal/z_zhai_1_research_gla_ac_uk/Documents/Microsoft%20Copilot%20Chat%20Files/778_table1.html)"
  },

  {
    "data": {"value": "8 (40)", "confidence": "high"},
    "location": {"row_index": 34, "col_index": 2, "confidence": "high"},
    "row header": {
      "1-level row header": {"value": "Medication", "confidence": "high"},
      "2-level row header": {"value": "Thiazide/loop diuretics", "confidence": "high"}
    },
    "column header": {"value": "Placebo", "confidence": "high"},
    "citation": "[1](https://gla-my.sharepoint.com/personal/z_zhai_1_research_gla_ac_uk/Documents/Microsoft%20Copilot%20Chat%20Files/778_table1.html)"
  },
  {
    "data": {"value": "8 (40)", "confidence": "high"},
    "location": {"row_index": 34, "col_index": 3, "confidence": "high"},
    "row header": {
      "1-level row header": {"value": "Medication", "confidence": "high"},
      "2-level row header": {"value": "Thiazide/loop diuretics", "confidence": "high"}
    },
    "column header": {"value": "Semaglutide", "confidence": "high"},
    "citation": "[1](https://gla-my.sharepoint.com/personal/z_zhai_1_research_gla_ac_uk/Documents/Microsoft%20Copilot%20Chat%20Files/778_table1.html)"
  },
  {
    "data": {"value": "10 (50)", "confidence": "high"},
    "location": {"row_index": 34, "col_index": 4, "confidence": "high"},
    "row header": {
      "1-level row header": {"value": "Medication", "confidence": "high"},
      "2-level row header": {"value": "Thiazide/loop diuretics", "confidence": "high"}
    },
    "column header": {"value": "Empagliflozin", "confidence": "high"},
    "citation": "[1](https://gla-my.sharepoint.com/personal/z_zhai_1_research_gla_ac_uk/Documents/Microsoft%20Copilot%20Chat%20Files/778_table1.html)"
  },
  {
    "data": {"value": "4 (20)", "confidence": "high"},
    "location": {"row_index": 34, "col_index": 5, "confidence": "high"},
    "row header": {
      "1-level row header": {"value": "Medication", "confidence": "high"},
      "2-level row header": {"value": "Thiazide/loop diuretics", "confidence": "high"}
    },
    "column header": {"value": "Combination", "confidence": "high"},
    "citation": "[1](https://gla-my.sharepoint.com/personal/z_zhai_1_research_gla_ac_uk/Documents/Microsoft%20Copilot%20Chat%20Files/778_table1.html)"
  },
  {
    "data": {"value": "0.25", "confidence": "high"},
    "location": {"row_index": 34, "col_index": 6, "confidence": "high"},
    "row header": {
      "1-level row header": {"value": "Medication", "confidence": "high"},
      "2-level row header": {"value": "Thiazide/loop diuretics", "confidence": "high"}
    },
    "column header": {"value": "p value", "confidence": "high"},
    "citation": "[1](https://gla-my.sharepoint.com/personal/z_zhai_1_research_gla_ac_uk/Documents/Microsoft%20Copilot%20Chat%20Files/778_table1.html)"
  },

  {
    "data": {"value": "18 (90)", "confidence": "high"},
    "location": {"row_index": 35, "col_index": 2, "confidence": "high"},
    "row header": {
      "1-level row header": {"value": "Medication", "confidence": "high"},
      "2-level row header": {"value": "Statin", "confidence": "high"}
    },
    "column header": {"value": "Placebo", "confidence": "high"},
    "citation": "[1](https://gla-my.sharepoint.com/personal/z_zhai_1_research_gla_ac_uk/Documents/Microsoft%20Copilot%20Chat%20Files/778_table1.html)"
  },
  {
    "data": {"value": "18 (90)", "confidence": "high"},
    "location": {"row_index": 35, "col_index": 3, "confidence": "high"},
    "row header": {
      "1-level row header": {"value": "Medication", "confidence": "high"},
      "2-level row header": {"value": "Statin", "confidence": "high"}
    },
    "column header": {"value": "Semaglutide", "confidence": "high"},
    "citation": "[1](https://gla-my.sharepoint.com/personal/z_zhai_1_research_gla_ac_uk/Documents/Microsoft%20Copilot%20Chat%20Files/778_table1.html)"
  },
  {
    "data": {"value": "15 (75)", "confidence": "high"},
    "location": {"row_index": 35, "col_index": 4, "confidence": "high"},
    "row header": {
      "1-level row header": {"value": "Medication", "confidence": "high"},
      "2-level row header": {"value": "Statin", "confidence": "high"}
    },
    "column header": {"value": "Empagliflozin", "confidence": "high"},
    "citation": "[1](https://gla-my.sharepoint.com/personal/z_zhai_1_research_gla_ac_uk/Documents/Microsoft%20Copilot%20Chat%20Files/778_table1.html)"
  },
  {
    "data": {"value": "20 (100)", "confidence": "high"},
    "location": {"row_index": 35, "col_index": 5, "confidence": "high"},
    "row header": {
      "1-level row header": {"value": "Medication", "confidence": "high"},
      "2-level row header": {"value": "Statin", "confidence": "high"}
    },
    "column header": {"value": "Combination", "confidence": "high"},
    "citation": "[1](https://gla-my.sharepoint.com/personal/z_zhai_1_research_gla_ac_uk/Documents/Microsoft%20Copilot%20Chat%20Files/778_table1.html)"
  },
  {
    "data": {"value": "0.09", "confidence": "high"},
    "location": {"row_index": 35, "col_index": 6, "confidence": "high"},
    "row header": {
      "1-level row header": {"value": "Medication", "confidence": "high"},
      "2-level row header": {"value": "Statin", "confidence": "high"}
    },
    "column header": {"value": "p value", "confidence": "high"},
    "citation": "[1](https://gla-my.sharepoint.com/personal/z_zhai_1_research_gla_ac_uk/Documents/Microsoft%20Copilot%20Chat%20Files/778_table1.html)"
  }
