[
  {
    "cell": "62 (52.5%)",
    "row": 1,
    "column": 2,
    "row header": {"value": "Male, n (%)", "confidence": "high"},
    "column header": {"value": "FDC of MSP (N = 118)", "confidence": "high"}
  },
  {
    "cell": "63 (53.4%)",
    "row": 1,
    "column": 3,
    "row header": {"value": "Male, n (%)", "confidence": "high"},
    "column header": {"value": "MS (N = 118)", "confidence": "high"}
  },
  {
    "cell": "0.43",
    "row": 1,
    "column": 4,
    "row header": {"value": "Male, n (%)", "confidence": "high"},
    "column header": {"value": "P value", "confidence": "high"}
  },
  {
    "cell": "56 (47.5%)",
    "row": 2,
    "column": 2,
    "row header": {"value": "Female, n (%)", "confidence": "high"},
    "column header": {"value": "FDC of MSP (N = 118)", "confidence": "high"}
  },
  {
    "cell": "55 (46.6%)",
    "row": 2,
    "column": 3,
    "row header": {"value": "Female, n (%)", "confidence": "high"},
    "column header": {"value": "MS (N = 118)", "confidence": "high"}
  },
  {
    "cell": "0.37",
    "row": 2,
    "column": 4,
    "row header": {"value": "Female, n (%)", "confidence": "high"},
    "column header": {"value": "P value", "confidence": "high"}
  },
  {
    "cell": "51.7 (8.01)",
    "row": 3,
    "column": 2,
    "row header": {"value": "Age, years, mean (SD)", "confidence": "high"},
    "column header": {"value": "FDC of MSP (N = 118)", "confidence": "high"}
  },
  {
    "cell": "49.6 (9.54)",
    "row": 3,
    "column": 3,
    "row header": {"value": "Age, years, mean (SD)", "confidence": "high"},
    "column header": {"value": "MS (N = 118)", "confidence": "high"}
  },
  {
    "cell": "0.0787",
    "row": 3,
    "column": 4,
    "row header": {"value": "Age, years, mean (SD)", "confidence": "high"},
    "column header": {"value": "P value", "confidence": "high"}
  },
  {
    "cell": "67.1 (12.87)",
    "row": 4,
    "column": 2,
    "row header": {"value": "Weight, kg, mean (SD)", "confidence": "high"},
    "column header": {"value": "FDC of MSP (N = 118)", "confidence": "high"}
  },
  {
    "cell": "65.5 (10.94)",
    "row": 4,
    "column": 3,
    "row header": {"value": "Weight, kg, mean (SD)", "confidence": "high"},
    "column header": {"value": "MS (N = 118)", "confidence": "high"}
  },
  {
    "cell": "0.3074",
    "row": 4,
    "column": 4,
    "row header": {"value": "Weight, kg, mean (SD)", "confidence": "high"},
    "column header": {"value": "P value", "confidence": "high"}
  },
  {
    "cell": "162.8 (8.23)",
    "row": 5,
    "column": 2,
    "row header": {"value": "Height, cm, mean (SD)", "confidence": "high"},
    "column header": {"value": "FDC of MSP (N = 118)", "confidence": "high"}
  },
  {
    "cell": "161.5 (7.79)",
    "row": 5,
    "column": 3,
    "row header": {"value": "Height, cm, mean (SD)", "confidence": "high"},
    "column header": {"value": "MS (N = 118)", "confidence": "high"}
  },
  {
    "cell": "0.2081",
    "row": 5,
    "column": 4,
    "row header": {"value": "Height, cm, mean (SD)", "confidence": "high"},
    "column header": {"value": "P value", "confidence": "high"}
  },
  {
    "cell": "25.2 (3.81)",
    "row": 6,
    "column": 2,
    "row header": {"value": "BMI, kg/m², mean (SD)", "confidence": "high"},
    "column header": {"value": "FDC of MSP (N = 118)", "confidence": "high"}
  },
  {
    "cell": "25.1 (3.55)",
    "row": 6,
    "column": 3,
    "row header": {"value": "BMI, kg/m², mean (SD)", "confidence": "high"},
    "column header": {"value": "MS (N = 118)", "confidence": "high"}
  },
  {
    "cell": "0.772",
    "row": 6,
    "column": 4,
    "row header": {"value": "BMI, kg/m², mean (SD)", "confidence": "high"},
    "column header": {"value": "P value", "confidence": "high"}
  },
  {
    "cell": "36.8 (3.62)",
    "row": 7,
    "column": 2,
    "row header": {"value": "Waist circumference, inches, mean (SD)", "confidence": "high"},
    "column header": {"value": "FDC of MSP (N = 118)", "confidence": "high"}
  },
  {
    "cell": "36.2 (3.68)",
    "row": 7,
    "column": 3,
    "row header": {"value": "Waist circumference, inches, mean (SD)", "confidence": "high"},
    "column header": {"value": "MS (N = 118)", "confidence": "high"}
  },
  {
    "cell": "0.2106",
    "row": 7,
    "column": 4,
    "row header": {"value": "Waist circumference, inches, mean (SD)", "confidence": "high"},
    "column header": {"value": "P value", "confidence": "high"}
  },
  {
    "cell": "0.9 (0.07)",
    "row": 8,
    "column": 2,
    "row header": {"value": "Waist-to-hip ratio, mean (SD)", "confidence": "high"},
    "column header": {"value": "FDC of MSP (N = 118)", "confidence": "high"}
  },
  {
    "cell": "0.9 (0.10)",
    "row": 8,
    "column": 3,
    "row header": {"value": "Waist-to-hip ratio, mean (SD)", "confidence": "high"},
    "column header": {"value": "MS (N = 118)", "confidence": "high"}
  },
  {
    "cell": "0.3733",
    "row": 8,
    "column": 4,
    "row header": {"value": "Waist-to-hip ratio, mean (SD)", "confidence": "high"},
    "column header": {"value": "P value", "confidence": "high"}
  },
  {
    "cell": "9.21 (0.78)",
    "row": 9,
    "column": 2,
    "row header": {"value": "HbA1C, %, mean (SD)", "confidence": "high"},
    "column header": {"value": "FDC of MSP (N = 118)", "confidence": "high"}
  },
  {
    "cell": "9.25 (0.78)",
    "row": 9,
    "column": 3,
    "row header": {"value": "HbA1C, %, mean (SD)", "confidence": "high"},
    "column header": {"value": "MS (N = 118)", "confidence": "high"}
  },
  {
    "cell": "0.7181",
    "row": 9,
    "column": 4,
    "row header": {"value": "HbA1C, %, mean (SD)", "confidence": "high"},
    "column header": {"value": "P value", "confidence": "high"}
  },
  {
    "cell": "41.1 (33.47), 2–169.4",
    "row": 10,
    "column": 2,
    "row header": {"value": "Duration of diabetes, months, mean (SD), range", "confidence": "high"},
    "column header": {"value": "FDC of MSP (N = 118)", "confidence": "high"}
  },
  {
    "cell": "36.5 (42.86), 1.5–360.6",
    "row": 10,
    "column": 3,
    "row header": {"value": "Duration of diabetes, months, mean (SD), range", "confidence": "high"},
    "column header": {"value": "MS (N = 118)", "confidence": "high"}
  },
  {
    "cell": "0.3524",
    "row": 10,
    "column": 4,
    "row header": {"value": "Duration of diabetes, months, mean (SD), range", "confidence": "high"},
    "column header": {"value": "P value", "confidence": "high"}
  }
]
h