[
  {
    "1-level_row_header": "Demographics",
    "2-level_row_header": "Age (years)",
    "column_headers": ["Teneligliptin Group (n = 8)"],
    "data": "71.8 ± 11.5",
    "location": {"row": 2, "column": 1}
  },
  {
    "1-level_row_header": "Demographics",
    "2-level_row_header": "Age (years)",
    "column_headers": ["Control Group (n = 9)"],
    "data": "63.6 ± 13.8",
    "location": {"row": 2, "column": 2}
  },
  {
    "1-level_row_header": "Demographics",
    "2-level_row_header": "Age (years)",
    "column_headers": ["P value"],
    "data": "0.21",
    "location": {"row": 2, "column": 3}
  },
  {
    "1-level_row_header": "Demographics",
    "2-level_row_header": "Female sex (%)",
    "column_headers": ["Teneligliptin Group (n = 8)"],
    "data": "3 (37.5)",
    "location": {"row": 3, "column": 1}
  },
  {
    "1-level_row_header": "Demographics",
    "2-level_row_header": "Female sex (%)",
    "column_headers": ["Control Group (n = 9)"],
    "data": "1 (11.1)",
    "location": {"row": 3, "column": 2}
  },
  {
    "1-level_row_header": "Demographics",
    "2-level_row_header": "Female sex (%)",
    "column_headers": ["P value"],
    "data": "0.24",
    "location": {"row": 3, "column": 3}
  },
  {
    "1-level_row_header": "Medical history",
    "2-level_row_header": "Diabetes mellitus, n (%)",
    "column_headers": ["Teneligliptin Group (n = 8)"],
    "data": "8 (100.0)",
    "location": {"row": 5, "column": 1}
  },
  {
    "1-level_row_header": "Medical history",
    "2-level_row_header": "Diabetes mellitus, n (%)",
    "column_headers": ["Control Group (n = 9)"],
    "data": "9 (100.0)",
    "location": {"row": 5, "column": 2}
  },
  {
    "1-level_row_header": "Medical history",
    "2-level_row_header": "Diabetes mellitus, n (%)",
    "column_headers": ["P value"],
    "data": "–",
    "location": {"row": 5, "column": 3}
  },
  {
    "1-level_row_header": "Medical history",
    "2-level_row_header": "Hypertension, n (%)",
    "column_headers": ["Teneligliptin Group (n = 8)"],
    "data": "7 (87.5)",
    "location": {"row": 6, "column": 1}
  },
  {
    "1-level_row_header": "Medical history",
    "2-level_row_header": "Hypertension, n (%)",
    "column_headers": ["Control Group (n = 9)"],
    "data": "7 (77.8)",
    "location": {"row": 6, "column": 2}
  },
  {
    "1-level_row_header": "Medical history",
    "2-level_row_header": "Hypertension, n (%)",
    "column_headers": ["P value"],
    "data": "1",
    "location": {"row": 6, "column": 3}
  },
  {
    "1-level_row_header": "Medical history",
    "2-level_row_header": "Dyslipidemia, n (%)",
    "column_headers": ["Teneligliptin Group (n = 8)"],
    "data": "5 (62.5)",
    "location": {"row": 7, "column": 1}
  },
  {
    "1-level_row_header": "Medical history",
    "2-level_row_header": "Dyslipidemia, n (%)",
    "column_headers": ["Control Group (n = 9)"],
    "data": "7 (77.8)",
    "location": {"row": 7, "column": 2}
  },
  {
    "1-level_row_header": "Medical history",
    "2-level_row_header": "Dyslipidemia, n (%)",
    "column_headers": ["P value"],
    "data": "0.62",
    "location": {"row": 7, "column": 3}
  },
  {
    "1-level_row_header": "Medical history",
    "2-level_row_header": "Hyperuricemia, n (%)",
    "column_headers": ["Teneligliptin Group (n = 8)"],
    "data": "1 (12.5)",
    "location": {"row": 8, "column": 1}
  },
  {
    "1-level_row_header": "Medical history",
    "2-level_row_header": "Hyperuricemia, n (%)",
    "column_headers": ["Control Group (n = 9)"],
    "data": "0 (0.0)",
    "location": {"row": 8, "column": 2}
  },
  {
    "1-level_row_header": "Medical history",
    "2-level_row_header": "Hyperuricemia, n (%)",
    "column_headers": ["P value"],
    "data": "0.47",
    "location": {"row": 8, "column": 3}
  },
  {
    "1-level_row_header": "Medical history",
    "2-level_row_header": "Atrial fibrillation, n (%)",
    "column_headers": ["Teneligliptin Group (n = 8)"],
    "data": "1 (12.5)",
    "location": {"row": 9, "column": 1}
  },
  {
    "1-level_row_header": "Medical history",
    "2-level_row_header": "Atrial fibrillation, n (%)",
    "column_headers": ["Control Group (n = 9)"],
    "data": "2 (22.2)",
    "location": {"row": 9, "column": 2}
  },
  {
    "1-level_row_header": "Medical history",
    "2-level_row_header": "Atrial fibrillation, n (%)",
    "column_headers": ["P value"],
    "data": "0.55",
    "location": {"row": 9, "column": 3}
  },
  {
    "1-level_row_header": "Medical history",
    "2-level_row_header": "Chronic kidney disease, n (%)",
    "column_headers": ["Teneligliptin Group (n = 8)"],
    "data": "0 (0.0)",
    "location": {"row": 10, "column": 1}
  },
  {
    "1-level_row_header": "Medical history",
    "2-level_row_header": "Chronic kidney disease, n (%)",
    "column_headers": ["Control Group (n = 9)"],
    "data": "1 (11.1)",
    "location": {"row": 10, "column": 2}
  },
  {
    "1-level_row_header": "Medical history",
    "2-level_row_header": "Chronic kidney disease, n (%)",
    "column_headers": ["P value"],
    "data": "1",
    "location": {"row": 10, "column": 3}
  },
  {
    "1-level_row_header": "Medical history",
    "2-level_row_header": "Peripheral arterial disease, n (%)",
    "column_headers": ["Teneligliptin Group (n = 8)"],
    "data": "0 (0.0)",
    "location": {"row": 11, "column": 1}
  },
  {
    "1-level_row_header": "Medical history",
    "2-level_row_header": "Peripheral arterial disease, n (%)",
    "column_headers": ["Control Group (n = 9)"],
    "data": "1 (11.1)",
    "location": {"row": 11, "column": 2}
  },
  {
    "1-level_row_header": "Medical history",
    "2-level_row_header": "Peripheral arterial disease, n (%)",
    "column_headers": ["P value"],
    "data": "1",
    "location": {"row": 11, "column": 3}
  },
  {
    "1-level_row_header": "Primary disease",
    "2-level_row_header": "Unstable angina pectoris, n (%)",
    "column_headers": ["Teneligliptin Group (n = 8)"],
    "data": "0 (0.0)",
    "location": {"row": 13, "column": 1}
  },
  {
    "1-level_row_header": "Primary disease",
    "2-level_row_header": "Unstable angina pectoris, n (%)",
    "column_headers": ["Control Group (n = 9)"],
    "data": "4 (44.4)",
    "location": {"row": 13, "column": 2}
  },
  {
    "1-level_row_header": "Primary disease",
    "2-level_row_header": "Unstable angina pectoris, n (%)",
    "column_headers": ["P value"],
    "data": "0.08",
    "location": {"row": 13, "column": 3}
  },
  {
    "1-level_row_header": "Primary disease",
    "2-level_row_header": "Non ST-elevation myocardial infarction, n (%)",
    "column_headers": ["Teneligliptin Group (n = 8)"],
    "data": "4 (50.0)",
    "location": {"row": 14, "column": 1}
  },
  {
    "1-level_row_header": "Primary disease",
    "2-level_row_header": "Non ST-elevation myocardial infarction, n (%)",
    "column_headers": ["Control Group (n = 9)"],
    "data": "1 (11.1)",
    "location": {"row": 14, "column": 2}
  },
  {
    "1-level_row_header": "Primary disease",
    "2-level_row_header": "Non ST-elevation myocardial infarction, n (%)",
    "column_headers": ["P value"],
    "data": "0.13",
    "location": {"row": 14, "column": 3}
  },
  {
    "1-level_row_header": "Primary disease",
    "2-level_row_header": "ST-elevation myocardial infarction, n (%)",
    "column_headers": ["Teneligliptin Group (n = 8)"],
    "data": "1 (12.5)",
    "location": {"row": 15, "column": 1}
  },
  {
    "1-level_row_header": "Primary disease",
    "2-level_row_header": "ST-elevation myocardial infarction, n (%)",
    "column_headers": ["Control Group (n = 9)"],
    "data": "2 (22.2)",
    "location": {"row": 15, "column": 2}
  },
  {
    "1-level_row_header": "Primary disease",
    "2-level_row_header": "ST-elevation myocardial infarction, n (%)",
    "column_headers": ["P value"],
    "data": "1",
    "location": {"row": 15, "column": 3}
  },
  {
    "1-level_row_header": "Primary disease",
    "2-level_row_header": "Other, n (%)",
    "column_headers": ["Teneligliptin Group (n = 8)"],
    "data": "3 (37.5)",
    "location": {"row": 16, "column": 1}
  },
  {
    "1-level_row_header": "Primary disease",
    "2-level_row_header": "Other, n (%)",
    "column_headers": ["Control Group (n = 9)"],
    "data": "2 (22.2)",
    "location": {"row": 16, "column": 2}
  },
  {
    "1-level_row_header": "Primary disease",
    "2-level_row_header": "Other, n (%)",
    "column_headers": ["P value"],
    "data": "0.62",
    "location": {"row": 16, "column": 3}
  },
  {
    "1-level_row_header": "Laboratory data",
    "2-level_row_header": "Fasting plasma glucose (mg/dL)",
    "column_headers": ["Teneligliptin Group (n = 8)"],
    "data": "128.1 ± 13.1",
    "location": {"row": 18, "column": 1}
  },
  {
    "1-level_row_header": "Laboratory data",
    "2-level_row_header": "Fasting plasma glucose (mg/dL)",
    "column_headers": ["Control Group (n = 9)"],
    "data": "127.0 ± 30.3",
    "location": {"row": 18, "column": 2}
  },
  {
    "1-level_row_header": "Laboratory data",
    "2-level_row_header": "Fasting plasma glucose (mg/dL)",
    "column_headers": ["P value"],
    "data": "0.92",
    "location": {"row": 18, "column": 3}
  },
  {
    "1-level_row_header": "Laboratory data",
    "2-level_row_header": "Hemoglobin A1c (%)",
    "column_headers": ["Teneligliptin Group (n = 8)"],
    "data": "6.8 ± 0.1",
    "location": {"row": 19, "column": 1}
  },
  {
    "1-level_row_header": "Laboratory data",
    "2-level_row_header": "Hemoglobin A1c (%)",
    "column_headers": ["Control Group (n = 9)"],
    "data": "7.0 ± 0.2",
    "location": {"row": 19, "column": 2}
  },
  {
    "1-level_row_header": "Laboratory data",
    "2-level_row_header": "Hemoglobin A1c (%)",
    "column_headers": ["P value"],
    "data": "0.07",
    "location": {"row": 19, "column": 3}
  },
  {
    "1-level_row_header": "Laboratory data",
    "2-level_row_header": "Triglyceride (mg/dL)",
    "column_headers": ["Teneligliptin Group (n = 8)"],
    "data": "98.7 ± 37.7",
    "location": {"row": 20, "column": 1}
  },
  {
    "1-level_row_header": "Laboratory data",
    "2-level_row_header": "Triglyceride (mg/dL)",
    "column_headers": ["Control Group (n = 9)"],
    "data": "176.2 ± 121.0",
    "location": {"row": 20, "column": 2}
  },
  {
    "1-level_row_header": "Laboratory data",
    "2-level_row_header": "Triglyceride (mg/dL)",
    "column_headers": ["P value"],
    "data": "0.13",
    "location": {"row": 20, "column": 3}
  },
  {
    "1-level_row_header": "Laboratory data",
    "2-level_row_header": "LDL-cholesterol (mg/dL)",
    "column_headers": ["Teneligliptin Group (n = 8)"],
    "data": "107.9 ± 38.3",
    "location": {"row": 21, "column": 1}
  },
  {
    "1-level_row_header": "Laboratory data",
    "2-level_row_header": "LDL-cholesterol (mg/dL)",
    "column_headers": ["Control Group (n = 9)"],
    "data": "91.7 ± 44.1",
    "location": {"row": 21, "column": 2}
  },
  {
    "1-level_row_header": "Laboratory data",
    "2-level_row_header": "LDL-cholesterol (mg/dL)",
    "column_headers": ["P value"],
    "data": "0.43",
    "location": {"row": 21, "column": 3}
  },
  {
    "1-level_row_header": "Laboratory data",
    "2-level_row_header": "HDL-cholesterol (mg/dL)",
    "column_headers": ["Teneligliptin Group (n = 8)"],
    "data": "53.0 ± 14.8",
    "location": {"row": 22, "column": 1}
  },
  {
    "1-level_row_header": "Laboratory data",
    "2-level_row_header": "HDL-cholesterol (mg/dL)",
    "column_headers": ["Control Group (n = 9)"],
    "data": "46.7 ± 11.2",
    "location": {"row": 22, "column": 2}
  },
  {
    "1-level_row_header": "Laboratory data",
    "2-level_row_header": "HDL-cholesterol (mg/dL)",
    "column_headers": ["P value"],
    "data": "0.33",
    "location": {"row": 22, "column": 3}
  },
  {
    "1-level_row_header": "Laboratory data",
    "2-level_row_header": "eGFR (mL/min/1.73m2)",
    "column_headers": ["Teneligliptin Group (n = 8)"],
    "data": "88.7 ± 11.4",
    "location": {"row": 23, "column": 1}
  },
  {
    "1-level_row_header": "Laboratory data",
    "2-level_row_header": "eGFR (mL/min/1.73m2)",
    "column_headers": ["Control Group (n = 9)"],
    "data": "68.6 ± 22.5",
    "location": {"row": 23, "column": 2}
  },
  {
    "1-level_row_header": "Laboratory data",
    "2-level_row_header": "eGFR (mL/min/1.73m2)",
    "column_headers": ["P value"],
    "data": "0.04",
    "location": {"row": 23, "column": 3}
  }
]
