[
  {"row_index": 3, "column_index": 2, "value": "60.3 ± 9.6", "row header": "Age, y", "1-level column header": "AMPLITUDE-D", "2-level column header": "Efpeglenatide 4 mg (N = 303)"},
  {"row_index": 3, "column_index": 3, "value": "60.0 ± 10.1", "row header": "Age, y", "1-level column header": "AMPLITUDE-D", "2-level column header": "Efpeglenatide 6 mg (N = 302)"},
  {"row_index": 3, "column_index": 4, "value": "59.4 ± 10.1", "row header": "Age, y", "1-level column header": "AMPLITUDE-D", "2-level column header": "Dulaglutide 1.5 mg (N = 303)"},
  {"row_index": 3, "column_index": 5, "value": "59.1 ± 10.7", "row header": "Age, y", "1-level column header": "AMPLITUDE-L", "2-level column header": "Efpeglenatide 2 mg (N = 92)"},
  {"row_index": 3, "column_index": 6, "value": "60.6 ± 11.5", "row header": "Age, y", "1-level column header": "AMPLITUDE-L", "2-level column header": "Efpeglenatide 4 mg (N = 93)"},
  {"row_index": 3, "column_index": 7, "value": "61.6 ± 10.3", "row header": "Age, y", "1-level column header": "AMPLITUDE-L", "2-level column header": "Efpeglenatide 6 mg (N = 93)"},
  {"row_index": 3, "column_index": 8, "value": "58.9 ± 10.7", "row header": "Age, y", "1-level column header": "AMPLITUDE-L", "2-level column header": "Placebo (N = 92)"},
  {"row_index": 3, "column_index": 9, "value": "60.1 ± 10.9", "row header": "Age, y", "1-level column header": "AMPLITUDE-S", "2-level column header": "Efpeglenatide 2 mg (N = 78)"},
  {"row_index": 3, "column_index": 10, "value": "57.9 ± 10.5", "row header": "Age, y", "1-level column header": "AMPLITUDE-S", "2-level column header": "Efpeglenatide 4 mg (N = 77)"},
  {"row_index": 3, "column_index": 11, "value": "58.8 ± 11.5", "row header": "Age, y", "1-level column header": "AMPLITUDE-S", "2-level column header": "Efpeglenatide 6 mg (N = 78)"},
  {"row_index": 3, "column_index": 12, "value": "58.9 ± 10.6", "row header": "Age, y", "1-level column header": "AMPLITUDE-S", "2-level column header": "Placebo (N = 79)"},

  {"row_index": 4, "column_index": 2, "value": "161 (53.1)", "row header": "Male, n (%)", "1-level column header": "AMPLITUDE-D", "2-level column header": "Efpeglenatide 4 mg (N = 303)"},
  {"row_index": 4, "column_index": 3, "value": "145 (48.0)", "row header": "Male, n (%)", "1-level column header": "AMPLITUDE-D", "2-level column header": "Efpeglenatide 6 mg (N = 302)"},
  {"row_index": 4, "column_index": 4, "value": "150 (49.5)", "row header": "Male, n (%)", "1-level column header": "AMPLITUDE-D", "2-level column header": "Dulaglutide 1.5 mg (N = 303)"},
  {"row_index": 4, "column_index": 5, "value": "50 (54.3)", "row header": "Male, n (%)", "1-level column header": "AMPLITUDE-L", "2-level column header": "Efpeglenatide 2 mg (N = 92)"},
  {"row_index": 4, "column_index": 6, "value": "51 (54.8)", "row header": "Male, n (%)", "1-level column header": "AMPLITUDE-L", "2-level column header": "Efpeglenatide 4 mg (N = 93)"},
  {"row_index": 4, "column_index": 7, "value": "53 (57.0)", "row header": "Male, n (%)", "1-level column header": "AMPLITUDE-L", "2-level column header": "Efpeglenatide 6 mg (N = 93)"},
  {"row_index": 4, "column_index": 8, "value": "43 (46.7)", "row header": "Male, n (%)", "1-level column header": "AMPLITUDE-L", "2-level column header": "Placebo (N = 92)"},
  {"row_index": 4, "column_index": 9, "value": "44 (56.4)", "row header": "Male, n (%)", "1-level column header": "AMPLITUDE-S", "2-level column header": "Efpeglenatide 2 mg (N = 78)"},
  {"row_index": 4, "column_index": 10, "value": "44 (57.1)", "row header": "Male, n (%)", "1-level column header": "AMPLITUDE-S", "2-level column header": "Efpeglenatide 4 mg (N = 77)"},
  {"row_index": 4, "column_index": 11, "value": "39 (50.0)", "row header": "Male, n (%)", "1-level column header": "AMPLITUDE-S", "2-level column header": "Efpeglenatide 6 mg (N = 78)"},
  {"row_index": 4, "column_index": 12, "value": "45 (57.0)", "row header": "Male, n (%)", "1-level column header": "AMPLITUDE-S", "2-level column header": "Placebo (N = 79)"},

  {"row_index": 6, "column_index": 2, "value": "271 (89.4)", "1-level row header": "Race, n (%)", "2-level row header": "White", "1-level column header": "AMPLITUDE-D", "2-level column header": "Efpeglenatide 4 mg (N = 303)"},
  {"row_index": 6, "column_index": 3, "value": "263 (87.1)", "1-level row header": "Race, n (%)", "2-level row header": "White", "1-level column header": "AMPLITUDE-D", "2-level column header": "Efpeglenatide 6 mg (N = 302)"},
  {"row_index": 6, "column_index": 4, "value": "275 (90.8)", "1-level row header": "Race, n (%)", "2-level row header": "White", "1-level column header": "AMPLITUDE-D", "2-level column header": "Dulaglutide 1.5 mg (N = 303)"},
  {"row_index": 6, "column_index": 5, "value": "49 (53.3)", "1-level row header": "Race, n (%)", "2-level row header": "White", "1-level column header": "AMPLITUDE-L", "2-level column header": "Efpeglenatide 2 mg (N = 92)"},
  {"row_index": 6, "column_index": 6, "value": "51 (54.8)", "1-level row header": "Race, n (%)", "2-level row header": "White", "1-level column header": "AMPLITUDE-L", "2-level column header": "Efpeglenatide 4 mg (N = 93)"},
  {"row_index": 6, "column_index": 7, "value": "50 (53.8)", "1-level row header": "Race, n (%)", "2-level row header": "White", "1-level column header": "AMPLITUDE-L", "2-level column header": "Efpeglenatide 6 mg (N = 93)"},
  {"row_index": 6, "column_index": 8, "value": "45 (48.9)", "1-level row header": "Race, n (%)", "2-level row header": "White", "1-level column header": "AMPLITUDE-L", "2-level column header": "Placebo (N = 92)"},
  {"row_index": 6, "column_index": 9, "value": "43 (55.1)", "1-level row header": "Race, n (%)", "2-level row header": "White", "1-level column header": "AMPLITUDE-S", "2-level column header": "Efpeglenatide 2 mg (N = 78)"},
  {"row_index": 6, "column_index": 10, "value": "46 (59.7)", "1-level row header": "Race, n (%)", "2-level row header": "White", "1-level column header": "AMPLITUDE-S", "2-level column header": "Efpeglenatide 4 mg (N = 77)"},
  {"row_index": 6, "column_index": 11, "value": "48 (61.5)", "1-level row header": "Race, n (%)", "2-level row header": "White", "1-level column header": "AMPLITUDE-S", "2-level column header": "Efpeglenatide 6 mg (N = 78)"},
  {"row_index": 6, "column_index": 12, "value": "42 (53.2)", "1-level row header": "Race, n (%)", "2-level row header": "White", "1-level column header": "AMPLITUDE-S", "2-level column header": "Placebo (N = 79)"},

  {"row_index": 7, "column_index": 2, "value": "24 (7.9)", "1-level row header": "Race, n (%)", "2-level row header": "Black or African American", "1-level column header": "AMPLITUDE-D", "2-level column header": "Efpeglenatide 4 mg (N = 303)"},
  {"row_index": 7, "column_index": 3, "value": "30 (9.9)", "1-level row header": "Race, n (%)", "2-level row header": "Black or African American", "1-level column header": "AMPLITUDE-D", "2-level column header": "Efpeglenatide 6 mg (N = 302)"},
  {"row_index": 7, "column_index": 4, "value": "18 (5.9)", "1-level row header": "Race, n (%)", "2-level row header": "Black or African American", "1-level column header": "AMPLITUDE-D", "2-level column header": "Dulaglutide 1.5 mg (N = 303)"},
  {"row_index": 7, "column_index": 5, "value": "9 (9.8)", "1-level row header": "Race, n (%)", "2-level row header": "Black or African American", "1-level column header": "AMPLITUDE-L", "2-level column header": "Efpeglenatide 2 mg (N = 92)"},
  {"row_index": 7, "column_index": 6, "value": "10 (10.8)", "1-level row header": "Race, n (%)", "2-level row header": "Black or African American", "1-level column header": "AMPLITUDE-L", "2-level column header": "Efpeglenatide 4 mg (N = 93)"},
  {"row_index": 7, "column_index": 7, "value": "8 (8.6)", "1-level row header": "Race, n (%)", "2-level row header": "Black or African American", "1-level column header": "AMPLITUDE-L", "2-level column header": "Efpeglenatide 6 mg (N = 93)"},
  {"row_index": 7, "column_index": 8, "value": "9 (9.8)", "1-level row header": "Race, n (%)", "2-level row header": "Black or African American", "1-level column header": "AMPLITUDE-L", "2-level column header": "Placebo (N = 92)"},
  {"row_index": 7, "column_index": 9, "value": "10 (12.8)", "1-level row header": "Race, n (%)", "2-level row header": "Black or African American", "1-level column header": "AMPLITUDE-S", "2-level column header": "Efpeglenatide 2 mg (N = 78)"},
  {"row_index": 7, "column_index": 10, "value": "4 (5.2)", "1-level row header": "Race, n (%)", "2-level row header": "Black or African American", "1-level column header": "AMPLITUDE-S", "2-level column header": "Efpeglenatide 4 mg (N = 77)"},
  {"row_index": 7, "column_index": 11, "value": "7 (9.0)", "1-level row header": "Race, n (%)", "2-level row header": "Black or African American", "1-level column header": "AMPLITUDE-S", "2-level column header": "Efpeglenatide 6 mg (N = 78)"},
  {"row_index": 7, "column_index": 12, "value": "11 (13.9)", "1-level row header": "Race, n (%)", "2-level row header": "Black or African American", "1-level column header": "AMPLITUDE-S", "2-level column header": "Placebo (N = 79)"},

  {"row_index": 8, "column_index": 2, "value": "5 (1.7)", "1-level row header": "Race, n (%)", "2-level row header": "Asian", "1-level column header": "AMPLITUDE-D", "2-level column header": "Efpeglenatide 4 mg (N = 303)"},
  {"row_index": 8, "column_index": 3, "value": "3 (1.0)", "1-level row header": "Race, n (%)", "2-level row header": "Asian", "1-level column header": "AMPLITUDE-D", "2-level column header": "Efpeglenatide 6 mg (N = 302)"},
  {"row_index": 8, "column_index": 4, "value": "6 (2.0)", "1-level row header": "Race, n (%)", "2-level row header": "Asian", "1-level column header": "AMPLITUDE-D", "2-level column header": "Dulaglutide 1.5 mg (N = 303)"},
  {"row_index": 8, "column_index": 5, "value": "33 (35.9)", "1-level row header": "Race, n (%)", "2-level row header": "Asian", "1-level column header": "AMPLITUDE-L", "2-level column header": "Efpeglenatide 2 mg (N = 92)"},
  {"row_index": 8, "column_index": 6, "value": "30 (32.3)", "1-level row header": "Race, n (%)", "2-level row header": "Asian", "1-level column header": "AMPLITUDE-L", "2-level column header": "Efpeglenatide 4 mg (N = 93)"},
  {"row_index": 8, "column_index": 7, "value": "34 (36.6)", "1-level row header": "Race, n (%)", "2-level row header": "Asian", "1-level column header": "AMPLITUDE-L", "2-level column header": "Efpeglenatide 6 mg (N = 93)"},
  {"row_index": 8, "column_index": 8, "value": "36 (39.1)", "1-level row header": "Race, n (%)", "2-level row header": "Asian", "1-level column header": "AMPLITUDE-L", "2-level column header": "Placebo (N = 92)"},
  {"row_index": 8, "column_index": 9, "value": "24 (30.8)", "1-level row header": "Race, n (%)", "2-level row header": "Asian", "1-level column header": "AMPLITUDE-S", "2-level column header": "Efpeglenatide 2 mg (N = 78)"},
  {"row_index": 8, "column_index": 10, "value": "26 (33.8)", "1-level row header": "Race, n (%)", "2-level row header": "Asian", "1-level column header": "AMPLITUDE-S", "2-level column header": "Efpeglenatide 4 mg (N = 77)"},
  {"row_index": 8, "column_index": 11, "value": "22 (28.2)", "1-level row header": "Race, n (%)", "2-level row header": "Asian", "1-level column header": "AMPLITUDE-S", "2-level column header": "Efpeglenatide 6 mg (N = 78)"},
  {"row_index": 8, "column_index": 12, "value": "24 (30.4)", "1-level row header": "Race, n (%)", "2-level row header": "Asian", "1-level column header": "AMPLITUDE-S", "2-level column header": "Placebo (N = 79)"},

  {"row_index": 9, "column_index": 2, "value": "3 (1.0)", "1-level row header": "Race, n (%)", "2-level row header": "Other/not reported/unknown", "1-level column header": "AMPLITUDE-D", "2-level column header": "Efpeglenatide 4 mg (N = 303)"},
  {"row_index": 9, "column_index": 3, "value": "6 (2.0)", "1-level row header": "Race, n (%)", "2-level row header": "Other/not reported/unknown", "1-level column header": "AMPLITUDE-D", "2-level column header": "Efpeglenatide 6 mg (N = 302)"},
  {"row_index": 9, "column_index": 4, "value": "4 (1.4)", "1-level row header": "Race, n (%)", "2-level row header": "Other/not reported/unknown", "1-level column header": "AMPLITUDE-D", "2-level column header": "Dulaglutide 1.5 mg (N = 303)"},
  {"row_index": 9, "column_index": 5, "value": "1 (1.1)", "1-level row header": "Race, n (%)", "2-level row header": "Other/not reported/unknown", "1-level column header": "AMPLITUDE-L", "2-level column header": "Efpeglenatide 2 mg (N = 92)"},
  {"row_index": 9, "column_index": 6, "value": "2 (2.2)", "1-level row header": "Race, n (%)", "2-level row header": "Other/not reported/unknown", "1-level column header": "AMPLITUDE-L", "2-level column header": "Efpeglenatide 4 mg (N = 93)"},
  {"row_index": 9, "column_index": 7, "value": "1 (1.1)", "1-level row header": "Race, n (%)", "2-level row header": "Other/not reported/unknown", "1-level column header": "AMPLITUDE-L", "2-level column header": "Efpeglenatide 6 mg (N = 93)"},
  {"row_index": 9, "column_index": 8, "value": "2 (2.2)", "1-level row header": "Race, n (%)", "2-level row header": "Other/not reported/unknown", "1-level column header": "AMPLITUDE-L", "2-level column header": "Placebo (N = 92)"},
  {"row_index": 9, "column_index": 9, "value": "1 (1.3)", "1-level row header": "Race, n (%)", "2-level row header": "Other/not reported/unknown", "1-level column header": "AMPLITUDE-S", "2-level column header": "Efpeglenatide 2 mg (N = 78)"},
  {"row_index": 9, "column_index": 10, "value": "1 (1.3)", "1-level row header": "Race, n (%)", "2-level row header": "Other/not reported/unknown", "1-level column header": "AMPLITUDE-S", "2-level column header": "Efpeglenatide 4 mg (N = 77)"},
  {"row_index": 9, "column_index": 11, "value": "1 (1.3)", "1-level row header": "Race, n (%)", "2-level row header": "Other/not reported/unknown", "1-level column header": "AMPLITUDE-S", "2-level column header": "Efpeglenatide 6 mg (N = 78)"},
  {"row_index": 9, "column_index": 12, "value": "2 (2.5)", "1-level row header": "Race, n (%)", "2-level row header": "Other/not reported/unknown", "1-level column header": "AMPLITUDE-S", "2-level column header": "Placebo (N = 79)"},

  {"row_index": 10, "column_index": 2, "value": "8.12 ± 0.82", "row header": "HbA1c at screening, %", "1-level column header": "AMPLITUDE-D", "2-level column header": "Efpeglenatide 4 mg (N = 303)"},
  {"row_index": 10, "column_index": 3, "value": "8.07 ± 0.78", "row header": "HbA1c at screening, %", "1-level column header": "AMPLITUDE-D", "2-level column header": "Efpeglenatide 6 mg (N = 302)"},
  {"row_index": 10, "column_index": 4, "value": "8.11 ± 0.81", "row header": "HbA1c at screening, %", "1-level column header": "AMPLITUDE-D", "2-level column header": "Dulaglutide 1.5 mg (N = 303)"},
  {"row_index": 10, "column_index": 5, "value": "8.42 ± 0.79", "row header": "HbA1c at screening, %", "1-level column header": "AMPLITUDE-L", "2-level column header": "Efpeglenatide 2 mg (N = 92)"},
  {"row_index": 10, "column_index": 6, "value": "8.46 ± 0.79", "row header": "HbA1c at screening, %", "1-level column header": "AMPLITUDE-L", "2-level column header": "Efpeglenatide 4 mg (N = 93)"},
  {"row_index": 10, "column_index": 7, "value": "8.40 ± 0.72", "row header": "HbA1c at screening, %", "1-level column header": "AMPLITUDE-L", "2-level column header": "Efpeglenatide 6 mg (N = 93)"},
  {"row_index": 10, "column_index": 8, "value": "8.54 ± 0.83", "row header": "HbA1c at screening, %", "1-level column header": "AMPLITUDE-L", "2-level column header": "Placebo (N = 92)"},
  {"row_index": 10, "column_index": 9, "value": "8.07 ± 0.76", "row header": "HbA1c at screening, %", "1-level column header": "AMPLITUDE-S", "2-level column header": "Efpeglenatide 2 mg (N = 78)"},
  {"row_index": 10, "column_index": 10, "value": "8.15 ± 0.69", "row header": "HbA1c at screening, %", "1-level column header": "AMPLITUDE-S", "2-level column header": "Efpeglenatide 4 mg (N = 77)"},
  {"row_index": 10, "column_index": 11, "value": "8.09 ± 0.79", "row header": "HbA1c at screening, %", "1-level column header": "AMPLITUDE-S", "2-level column header": "Efpeglenatide 6 mg (N = 78)"},
  {"row_index": 10, "column_index": 12, "value": "8.09 ± 0.79", "row header": "HbA1c at screening, %", "1-level column header": "AMPLITUDE-S", "2-level column header": "Placebo (N = 79)"},

  {"row_index": 11, "column_index": 2, "value": "65.23 ± 8.98", "row header": "mmol/mol", "1-level column header": "AMPLITUDE-D", "2-level column header": "Efpeglenatide 4 mg (N = 303)"},
  {"row_index": 11, "column_index": 3, "value": "64.66 ± 8.57", "row header": "mmol/mol", "1-level column header": "AMPLITUDE-D", "2-level column header": "Efpeglenatide 6 mg (N = 302)"},
  {"row_index": 11, "column_index": 4, "value": "65.14 ± 8.87", "row header": "mmol/mol", "1-level column header": "AMPLITUDE-D", "2-level column header": "Dulaglutide 1.5 mg (N = 303)"},
  {"row_index": 11, "column_index": 5, "value": "68.48 ± 8.65", "row header": "mmol/mol", "1-level column header": "AMPLITUDE-L", "2-level column header": "Efpeglenatide 2 mg (N = 92)"},
  {"row_index": 11, "column_index": 6, "value": "68.98 ± 8.63", "row header": "mmol/mol", "1-level column header": "AMPLITUDE-L", "2-level column header": "Efpeglenatide 4 mg (N = 93)"},
  {"row_index": 11, "column_index": 7, "value": "68.35 ± 7.82", "row header": "mmol/mol", "1-level column header": "AMPLITUDE-L", "2-level column header": "Efpeglenatide 6 mg (N = 93)"},
  {"row_index": 11, "column_index": 8, "value": "69.88 ± 9.11", "row header": "mmol/mol", "1-level column header": "AMPLITUDE-L", "2-level column header": "Placebo (N = 92)"},
  {"row_index": 11, "column_index": 9, "value": "64.68 ± 8.31", "row header": "mmol/mol", "1-level column header": "AMPLITUDE-S", "2-level column header": "Efpeglenatide 2 mg (N = 78)"},
  {"row_index": 11, "column_index": 10, "value": "65.57 ± 7.54", "row header": "mmol/mol", "1-level column header": "AMPLITUDE-S", "2-level column header": "Efpeglenatide 4 mg (N = 77)"},
  {"row_index": 11, "column_index": 11, "value": "64.89 ± 8.68", "row header": "mmol/mol", "1-level column header": "AMPLITUDE-S", "2-level column header": "Efpeglenatide 6 mg (N = 78)"},
  {"row_index": 11, "column_index": 12, "value": "64.94 ± 8.61", "row header": "mmol/mol", "1-level column header": "AMPLITUDE-S", "2-level column header": "Placebo (N = 79)"},

  {"row_index": 12, "column_index": 2, "value": "9.38 ± 2.31", "row header": "Mean FPG, mmol/L", "1-level column header": "AMPLITUDE-D", "2-level column header": "Efpeglenatide 4 mg (N = 303)"},
  {"row_index": 12, "column_index": 3, "value": "9.28 ± 2.35", "row header": "Mean FPG, mmol/L", "1-level column header": "AMPLITUDE-D", "2-level column header": "Efpeglenatide 6 mg (N = 302)"},
  {"row_index": 12, "column_index": 4, "value": "9.43 ± 2.21", "row header": "Mean FPG, mmol/L", "1-level column header": "AMPLITUDE-D", "2-level column header": "Dulaglutide 1.5 mg (N = 303)"},
  {"row_index": 12, "column_index": 5, "value": "8.40 ± 2.91", "row header": "Mean FPG, mmol/L", "1-level column header": "AMPLITUDE-L", "2-level column header": "Efpeglenatide 2 mg (N = 92)"},
  {"row_index": 12, "column_index": 6, "value": "8.08 ± 2.85", "row header": "Mean FPG, mmol/L", "1-level column header": "AMPLITUDE-L", "2-level column header": "Efpeglenatide 4 mg (N = 93)"},
  {"row_index": 12, "column_index": 7, "value": "7.77 ± 2.26", "row header": "Mean FPG, mmol/L", "1-level column header": "AMPLITUDE-L", "2-level column header": "Efpeglenatide 6 mg (N = 93)"},
  {"row_index": 12, "column_index": 8, "value": "8.04 ± 2.71", "row header": "Mean FPG, mmol/L", "1-level column header": "AMPLITUDE-L", "2-level column header": "Placebo (N = 92)"},
  {"row_index": 12, "column_index": 9, "value": "8.89 ± 2.38", "row header": "Mean FPG, mmol/L", "1-level column header": "AMPLITUDE-S", "2-level column header": "Efpeglenatide 2 mg (N = 78)"},
  {"row_index": 12, "column_index": 10, "value": "9.06 ± 2.21", "row header": "Mean FPG, mmol/L", "1-level column header": "AMPLITUDE-S", "2-level column header": "Efpeglenatide 4 mg (N = 77)"},
  {"row_index": 12, "column_index": 11, "value": "8.92 ± 2.30", "row header": "Mean FPG, mmol/L", "1-level column header": "AMPLITUDE-S", "2-level column header": "Efpeglenatide 6 mg (N = 78)"},
  {"row_index": 12, "column_index": 12, "value": "8.85 ± 1.60", "row header": "Mean FPG, mmol/L", "1-level column header": "AMPLITUDE-S", "2-level column header": "Placebo (N = 79)"},

  {"row_index": 13, "column_index": 2, "value": "95.2 ± 19.9", "row header": "Mean body weight, kg", "1-level column header": "AMPLITUDE-D", "2-level column header": "Efpeglenatide 4 mg (N = 303)"},
  {"row_index": 13, "column_index": 3, "value": "95.2 ± 21.1", "row header": "Mean body weight, kg", "1-level column header": "AMPLITUDE-D", "2-level column header": "Efpeglenatide 6 mg (N = 302)"},
  {"row_index": 13, "column_index": 4, "value": "94.0 ± 20.8", "row header": "Mean body weight, kg", "1-level column header": "AMPLITUDE-D", "2-level column header": "Dulaglutide 1.5 mg (N = 303)"},
  {"row_index": 13, "column_index": 5, "value": "87.1 ± 21.7", "row header": "Mean body weight, kg", "1-level column header": "AMPLITUDE-L", "2-level column header": "Efpeglenatide 2 mg (N = 92)"},
  {"row_index": 13, "column_index": 6, "value": "83.4 ± 22.1", "row header": "Mean body weight, kg", "1-level column header": "AMPLITUDE-L", "2-level column header": "Efpeglenatide 4 mg (N = 93)"},
  {"row_index": 13, "column_index": 7, "value": "87.7 ± 23.7", "row header": "Mean body weight, kg", "1-level column header": "AMPLITUDE-L", "2-level column header": "Efpeglenatide 6 mg (N = 93)"},
  {"row_index": 13, "column_index": 8, "value": "82.4 ± 21.0", "row header": "Mean body weight, kg", "1-level column header": "AMPLITUDE-L", "2-level column header": "Placebo (N = 92)"},
  {"row_index": 13, "column_index": 9, "value": "90.1 ± 24.7", "row header": "Mean body weight, kg", "1-level column header": "AMPLITUDE-S", "2-level column header": "Efpeglenatide 2 mg (N = 78)"},
  {"row_index": 13, "column_index": 10, "value": "90.2 ± 23.6", "row header": "Mean body weight, kg", "1-level column header": "AMPLITUDE-S", "2-level column header": "Efpeglenatide 4 mg (N = 77)"},
  {"row_index": 13, "column_index": 11, "value": "90.9 ± 21.7", "row header": "Mean body weight, kg", "1-level column header": "AMPLITUDE-S", "2-level column header": "Efpeglenatide 6 mg (N = 78)"},
  {"row_index": 13, "column_index": 12, "value": "89.5 ± 23.5", "row header": "Mean body weight, kg", "1-level column header": "AMPLITUDE-S", "2-level column header": "Placebo (N = 79)"},

  {"row_index": 14, "column_index": 2, "value": "33.4 ± 6.1", "row header": "Mean BMI, kg/m2", "1-level column header": "AMPLITUDE-D", "2-level column header": "Efpeglenatide 4 mg (N = 303)"},
  {"row_index": 14, "column_index": 3, "value": "33.4 ± 6.2", "row header": "Mean BMI, kg/m2", "1-level column header": "AMPLITUDE-D", "2-level column header": "Efpeglenatide 6 mg (N = 302)"},
  {"row_index": 14, "column_index": 4, "value": "33.4 ± 6.4", "row header": "Mean BMI, kg/m2", "1-level column header": "AMPLITUDE-D", "2-level column header": "Dulaglutide 1.5 mg (N = 303)"},
  {"row_index": 14, "column_index": 5, "value": "31.1 ± 6.1", "row header": "Mean BMI, kg/m2", "1-level column header": "AMPLITUDE-L", "2-level column header": "Efpeglenatide 2 mg (N = 92)"},
  {"row_index": 14, "column_index": 6, "value": "30.0 ± 6.6", "row header": "Mean BMI, kg/m2", "1-level column header": "AMPLITUDE-L", "2-level column header": "Efpeglenatide 4 mg (N = 93)"},
  {"row_index": 14, "column_index": 7, "value": "31.0 ± 7.1", "row header": "Mean BMI, kg/m2", "1-level column header": "AMPLITUDE-L", "2-level column header": "Efpeglenatide 6 mg (N = 93)"},
  {"row_index": 14, "column_index": 8, "value": "30.1 ± 5.6", "row header": "Mean BMI, kg/m2", "1-level column header": "AMPLITUDE-L", "2-level column header": "Placebo (N = 92)"},
  {"row_index": 14, "column_index": 9, "value": "31.8 ± 7.7", "row header": "Mean BMI, kg/m2", "1-level column header": "AMPLITUDE-S", "2-level column header": "Efpeglenatide 2 mg (N = 78)"},
  {"row_index": 14, "column_index": 10, "value": "32.0 ± 6.3", "row header": "Mean BMI, kg/m2", "1-level column header": "AMPLITUDE-S", "2-level column header": "Efpeglenatide 4 mg (N = 77)"},
  {"row_index": 14, "column_index": 11, "value": "32.4 ± 7.4", "row header": "Mean BMI, kg/m2", "1-level column header": "AMPLITUDE-S", "2-level column header": "Efpeglenatide 6 mg (N = 78)"},
  {"row_index": 14, "column_index": 12, "value": "32.2 ± 7.1", "row header": "Mean BMI, kg/m2", "1-level column header": "AMPLITUDE-S", "2-level column header": "Placebo (N = 79)"},

  {"row_index": 16, "column_index": 2, "value": "99 (32.7)", "1-level row header": "BMI (kg/m2), n (%)", "2-level row header": "< 30", "1-level column header": "AMPLITUDE-D", "2-level column header": "Efpeglenatide 4 mg (N = 303)"},
  {"row_index": 16, "column_index": 3, "value": "101 (33.4)", "1-level row header": "BMI (kg/m2), n (%)", "2-level row header": "< 30", "1-level column header": "AMPLITUDE-D", "2-level column header": "Efpeglenatide 6 mg (N = 302)"},
  {"row_index": 16, "column_index": 4, "value": "101 (33.3)", "1-level row header": "BMI (kg/m2), n (%)", "2-level row header": "< 30", "1-level column header": "AMPLITUDE-D", "2-level column header": "Dulaglutide 1.5 mg (N = 303)"},
  {"row_index": 16, "column_index": 5, "value": "46 (50.0)", "1-level row header": "BMI (kg/m2), n (%)", "2-level row header": "< 30", "1-level column header": "AMPLITUDE-L", "2-level column header": "Efpeglenatide 2 mg (N = 92)"},
  {"row_index": 16, "column_index": 6, "value": "50 (53.8)", "1-level row header": "BMI (kg/m2), n (%)", "2-level row header": "< 30", "1-level column header": "AMPLITUDE-L", "2-level column header": "Efpeglenatide 4 mg (N = 93)"},
  {"row_index": 16, "column_index": 7, "value": "48 (51.6)", "1-level row header": "BMI (kg/m2), n (%)", "2-level row header": "< 30", "1-level column header": "AMPLITUDE-L", "2-level column header": "Efpeglenatide 6 mg (N = 93)"},
  {"row_index": 16, "column_index": 8, "value": "53 (58.2)", "1-level row header": "BMI (kg/m2), n (%)", "2-level row header": "< 30", "1-level column header": "AMPLITUDE-L", "2-level column header": "Placebo (N = 92)"},
  {"row_index": 16, "column_index": 9, "value": "35 (44.9)", "1-level row header": "BMI (kg/m2), n (%)", "2-level row header": "< 30", "1-level column header": "AMPLITUDE-S", "2-level column header": "Efpeglenatide 2 mg (N = 78)"},
  {"row_index": 16, "column_index": 10, "value": "32 (41.6)", "1-level row header": "BMI (kg/m2), n (%)", "2-level row header": "< 30", "1-level column header": "AMPLITUDE-S", "2-level column header": "Efpeglenatide 4 mg (N = 77)"},
  {"row_index": 16, "column_index": 11, "value": "36 (46.2)", "1-level row header": "BMI (kg/m2), n (%)", "2-level row header": "< 30", "1-level column header": "AMPLITUDE-S", "2-level column header": "Efpeglenatide 6 mg (N = 78)"},
  {"row_index": 16, "column_index": 12, "value": "32 (40.5)", "1-level row header": "BMI (kg/m2), n (%)", "2-level row header": "< 30", "1-level column header": "AMPLITUDE-S", "2-level column header": "Placebo (N = 79)"},

  {"row_index": 17, "column_index": 2, "value": "161 (53.1)", "1-level row header": "BMI (kg/m2), n (%)", "2-level row header": "≥ 30 to < 40", "1-level column header": "AMPLITUDE-D", "2-level column header": "Efpeglenatide 4 mg (N = 303)"},
  {"row_index": 17, "column_index": 3, "value": "157 (52.0)", "1-level row header": "BMI (kg/m2), n (%)", "2-level row header": "≥ 30 to < 40", "1-level column header": "AMPLITUDE-D", "2-level column header": "Efpeglenatide 6 mg (N = 302)"},
  {"row_index": 17, "column_index": 4, "value": "155 (51.2)", "1-level row header": "BMI (kg/m2), n (%)", "2-level row header": "≥ 30 to < 40", "1-level column header": "AMPLITUDE-D", "2-level column header": "Dulaglutide 1.5 mg (N = 303)"},
  {"row_index": 17, "column_index": 5, "value": "37 (40.2)", "1-level row header": "BMI (kg/m2), n (%)", "2-level row header": "≥ 30 to < 40", "1-level column header": "AMPLITUDE-L", "2-level column header": "Efpeglenatide 2 mg (N = 92)"},
  {"row_index": 17, "column_index": 6, "value": "36 (38.7)", "1-level row header": "BMI (kg/m2), n (%)", "2-level row header": "≥ 30 to < 40", "1-level column header": "AMPLITUDE-L", "2-level column header": "Efpeglenatide 4 mg (N = 93)"},
  {"row_index": 17, "column_index": 7, "value": "34 (36.6)", "1-level row header": "BMI (kg/m2), n (%)", "2-level row header": "≥ 30 to < 40", "1-level column header": "AMPLITUDE-L", "2-level column header": "Efpeglenatide 6 mg (N = 93)"},
  {"row_index": 17, "column_index": 8, "value": "32 (35.2)", "1-level row header": "BMI (kg/m2), n (%)", "2-level row header": "≥ 30 to < 40", "1-level column header": "AMPLITUDE-L", "2-level column header": "Placebo (N = 92)"},
  {"row_index": 17, "column_index": 9, "value": "33 (42.3)", "1-level row header": "BMI (kg/m2), n (%)", "2-level row header": "≥ 30 to < 40", "1-level column header": "AMPLITUDE-S", "2-level column header": "Efpeglenatide 2 mg (N = 78)"},
  {"row_index": 17, "column_index": 10, "value": "37 (48.1)", "1-level row header": "BMI (kg/m2), n (%)", "2-level row header": "≥ 30 to < 40", "1-level column header": "AMPLITUDE-S", "2-level column header": "Efpeglenatide 4 mg (N = 77)"},
  {"row_index": 17, "column_index": 11, "value": "29 (37.2)", "1-level row header": "BMI (kg/m2), n (%)", "2-level row header": "≥ 30 to < 40", "1-level column header": "AMPLITUDE-S", "2-level column header": "Efpeglenatide 6 mg (N = 78)"},
  {"row_index": 17, "column_index": 12, "value": "36 (45.6)", "1-level row header": "BMI (kg/m2), n (%)", "2-level row header": "≥ 30 to < 40", "1-level column header": "AMPLITUDE-S", "2-level column header": "Placebo (N = 79)"},

  {"row_index": 18, "column_index": 2, "value": "43 (14.2)", "1-level row header": "BMI (kg/m2), n (%)", "2-level row header": "≥ 40", "1-level column header": "AMPLITUDE-D", "2-level column header": "Efpeglenatide 4 mg (N = 303)"},
  {"row_index": 18, "column_index": 3, "value": "44 (14.6)", "1-level row header": "BMI (kg/m2), n (%)", "2-level row header": "≥ 40", "1-level column header": "AMPLITUDE-D", "2-level column header": "Efpeglenatide 6 mg (N = 302)"},
  {"row_index": 18, "column_index": 4, "value": "47 (15.5)", "1-level row header": "BMI (kg/m2), n (%)", "2-level row header": "≥ 40", "1-level column header": "AMPLITUDE-D", "2-level column header": "Dulaglutide 1.5 mg (N = 303)"},
  {"row_index": 18, "column_index": 5, "value": "9 (9.8)", "1-level row header": "BMI (kg/m2), n (%)", "2-level row header": "≥ 40", "1-level column header": "AMPLITUDE-L", "2-level column header": "Efpeglenatide 2 mg (N = 92)"},
  {"row_index": 18, "column_index": 6, "value": "7 (7.5)", "1-level row header": "BMI (kg/m2), n (%)", "2-level row header": "≥ 40", "1-level column header": "AMPLITUDE-L", "2-level column header": "Efpeglenatide 4 mg (N = 93)"},
  {"row_index": 18, "column_index": 7, "value": "11 (11.8)", "1-level row header": "BMI (kg/m2), n (%)", "2-level row header": "≥ 40", "1-level column header": "AMPLITUDE-L", "2-level column header": "Efpeglenatide 6 mg (N = 93)"},
  {"row_index": 18, "column_index": 8, "value": "6 (6.6)", "1-level row header": "BMI (kg/m2), n (%)", "2-level row header": "≥ 40", "1-level column header": "AMPLITUDE-L", "2-level column header": "Placebo (N = 92)"},
  {"row_index": 18, "column_index": 9, "value": "10 (12.8)", "1-level row header": "BMI (kg/m2), n (%)", "2-level row header": "≥ 40", "1-level column header": "AMPLITUDE-S", "2-level column header": "Efpeglenatide 2 mg (N = 78)"},
  {"row_index": 18, "column_index": 10, "value": "8 (10.4)", "1-level row header": "BMI (kg/m2), n (%)", "2-level row header": "≥ 40", "1-level column header": "AMPLITUDE-S", "2-level column header": "Efpeglenatide 4 mg (N = 77)"},
  {"row_index": 18, "column_index": 11, "value": "13 (16.7)", "1-level row header": "BMI (kg/m2), n (%)", "2-level row header": "≥ 40", "1-level column header": "AMPLITUDE-S", "2-level column header": "Efpeglenatide 6 mg (N = 78)"},
  {"row_index": 18, "column_index": 12, "value": "11 (13.9)", "1-level row header": "BMI (kg/m2), n (%)", "2-level row header": "≥ 40", "1-level column header": "AMPLITUDE-S", "2-level column header": "Placebo (N = 79)"},

  {"row_index": 19, "column_index": 2, "value": "8.60 ± 6.36", "row header": "Duration of diabetes, y", "1-level column header": "AMPLITUDE-D", "2-level column header": "Efpeglenatide 4 mg (N = 303)"},
  {"row_index": 19, "column_index": 3, "value": "8.84 ± 6.57", "row header": "Duration of diabetes, y", "1-level column header": "AMPLITUDE-D", "2-level column header": "Efpeglenatide 6 mg (N = 302)"},
  {"row_index": 19, "column_index": 4, "value": "8.65 ± 6.98", "row header": "Duration of diabetes, y", "1-level column header": "AMPLITUDE-D", "2-level column header": "Dulaglutide 1.5 mg (N = 303)"},
  {"row_index": 19, "column_index": 5, "value": "15.4 ± 8.3", "row header": "Duration of diabetes, y", "1-level column header": "AMPLITUDE-L", "2-level column header": "Efpeglenatide 2 mg (N = 92)"},
  {"row_index": 19, "column_index": 6, "value": "16.2 ± 7.3", "row header": "Duration of diabetes, y", "1-level column header": "AMPLITUDE-L", "2-level column header": "Efpeglenatide 4 mg (N = 93)"},
  {"row_index": 19, "column_index": 7, "value": "16.3 ± 8.8", "row header": "Duration of diabetes, y", "1-level column header": "AMPLITUDE-L", "2-level column header": "Efpeglenatide 6 mg (N = 93)"},
  {"row_index": 19, "column_index": 8, "value": "15.2 ± 7.0", "row header": "Duration of diabetes, y", "1-level column header": "AMPLITUDE-L", "2-level column header": "Placebo (N = 92)"},
  {"row_index": 19, "column_index": 9, "value": "10.55 ± 6.88", "row header": "Duration of diabetes, y", "1-level column header": "AMPLITUDE-S", "2-level column header": "Efpeglenatide 2 mg (N = 78)"},
  {"row_index": 19, "column_index": 10, "value": "10.39 ± 7.45", "row header": "Duration of diabetes, y", "1-level column header": "AMPLITUDE-S", "2-level column header": "Efpeglenatide 4 mg (N = 77)"},
  {"row_index": 19, "column_index": 11, "value": "11.52 ± 8.14", "row header": "Duration of diabetes, y", "1-level column header": "AMPLITUDE-S", "2-level column header": "Efpeglenatide 6 mg (N = 78)"},
  {"row_index": 19, "column_index": 12, "value": "9.53 ± 6.22", "row header": "Duration of diabetes, y", "1-level column header": "AMPLITUDE-S", "2-level column header": "Placebo (N = 79)"},

  {"row_index": 20, "column_index": 2, "value": "99.7 ± 28.0", "row header": "Mean eGFR, mL/min/1.73m2", "1-level column header": "AMPLITUDE-D", "2-level column header": "Efpeglenatide 4 mg (N = 303)"},
  {"row_index": 20, "column_index": 3, "value": "103.4 ± 31.1", "row header": "Mean eGFR, mL/min/1.73m2", "1-level column header": "AMPLITUDE-D", "2-level column header": "Efpeglenatide 6 mg (N = 302)"},
  {"row_index": 20, "column_index": 4, "value": "101.0 ± 29.5", "row header": "Mean eGFR, mL/min/1.73m2", "1-level column header": "AMPLITUDE-D", "2-level column header": "Dulaglutide 1.5 mg (N = 303)"},
  {"row_index": 20, "column_index": 5, "value": "103.9 ± 31.6", "row header": "Mean eGFR, mL/min/1.73m2", "1-level column header": "AMPLITUDE-L", "2-level column header": "Efpeglenatide 2 mg (N = 92)"},
  {"row_index": 20, "column_index": 6, "value": "102.0 ± 33.8", "row header": "Mean eGFR, mL/min/1.73m2", "1-level column header": "AMPLITUDE-L", "2-level column header": "Efpeglenatide 4 mg (N = 93)"},
  {"row_index": 20, "column_index": 7, "value": "103.7 ± 34.7", "row header": "Mean eGFR, mL/min/1.73m2", "1-level column header": "AMPLITUDE-L", "2-level column header": "Efpeglenatide 6 mg (N = 93)"},
  {"row_index": 20, "column_index": 8, "value": "111.8 ± 43.2", "row header": "Mean eGFR, mL/min/1.73m2", "1-level column header": "AMPLITUDE-L", "2-level column header": "Placebo (N = 92)"},
  {"row_index": 20, "column_index": 9, "value": "101.4 ± 29.3", "row header": "Mean eGFR, mL/min/1.73m2", "1-level column header": "AMPLITUDE-S", "2-level column header": "Efpeglenatide 2 mg (N = 78)"},
  {"row_index": 20, "column_index": 10, "value": "108.7 ± 30.2", "row header": "Mean eGFR, mL/min/1.73m2", "1-level column header": "AMPLITUDE-S", "2-level column header": "Efpeglenatide 4 mg (N = 77)"},
  {"row_index": 20, "column_index": 11, "value": "109.8 ± 34.2", "row header": "Mean eGFR, mL/min/1.73m2", "1-level column header": "AMPLITUDE-S", "2-level column header": "Efpeglenatide 6 mg (N = 78)"},
  {"row_index": 20, "column_index": 12, "value": "107.8 ± 31.6", "row header": "Mean eGFR, mL/min/1.73m2", "1-level column header": "AMPLITUDE-S", "2-level column header": "Placebo (N = 79)"},

  {"row_index": 22, "column_index": 2, "value": "186 (61.4)", "1-level row header": "eGFR (mL/min/1.73m2), n (%)", "2-level row header": "≥ 90", "1-level column header": "AMPLITUDE-D", "2-level column header": "Efpeglenatide 4 mg (N = 303)"},
  {"row_index": 22, "column_index": 3, "value": "201 (66.6)", "1-level row header": "eGFR (mL/min/1.73m2), n (%)", "2-level row header": "≥ 90", "1-level column header": "AMPLITUDE-D", "2-level column header": "Efpeglenatide 6 mg (N = 302)"},
  {"row_index": 22, "column_index": 4, "value": "188 (62.0)", "1-level row header": "eGFR (mL/min/1.73m2), n (%)", "2-level row header": "≥ 90", "1-level column header": "AMPLITUDE-D", "2-level column header": "Dulaglutide 1.5 mg (N = 303)"},
  {"row_index": 22, "column_index": 5, "value": "64 (69.6)", "1-level row header": "eGFR (mL/min/1.73m2), n (%)", "2-level row header": "≥ 90", "1-level column header": "AMPLITUDE-L", "2-level column header": "Efpeglenatide 2 mg (N = 92)"},
  {"row_index": 22, "column_index": 6, "value": "59 (63.4)", "1-level row header": "eGFR (mL/min/1.73m2), n (%)", "2-level row header": "≥ 90", "1-level column header": "AMPLITUDE-L", "2-level column header": "Efpeglenatide 4 mg (N = 93)"},
  {"row_index": 22, "column_index": 7, "value": "59 (63.4)", "1-level row header": "eGFR (mL/min/1.73m2), n (%)", "2-level row header": "≥ 90", "1-level column header": "AMPLITUDE-L", "2-level column header": "Efpeglenatide 6 mg (N = 93)"},
  {"row_index": 22, "column_index": 8, "value": "68 (73.9)", "1-level row header": "eGFR (mL/min/1.73m2), n (%)", "2-level row header": "≥ 90", "1-level column header": "AMPLITUDE-L", "2-level column header": "Placebo (N = 92)"},
  {"row_index": 22, "column_index": 9, "value": "51 (65.4)", "1-level row header": "eGFR (mL/min/1.73m2), n (%)", "2-level row header": "≥ 90", "1-level column header": "AMPLITUDE-S", "2-level column header": "Efpeglenatide 2 mg (N = 78)"},
