[
  {
    "data": "20",
    "location": {"row": 3, "column": 2},
    "column header": "Placebo",
    "1-level row header": "Clinical",
    "2-level row header": "No. of participants"
  },
  {
    "data": "20",
    "location": {"row": 3, "column": 3},
    "column header": "Semaglutide",
    "1-level row header": "Clinical",
    "2-level row header": "No. of participants"
  },
  {
    "data": "20",
    "location": {"row": 3, "column": 4},
    "column header": "Empagliflozin",
    "1-level row header": "Clinical",
    "2-level row header": "No. of participants"
  },
  {
    "data": "20",
    "location": {"row": 3, "column": 5},
    "column header": "Combination",
    "1-level row header": "Clinical",
    "2-level row header": "No. of participants"
  },
  {
    "data": "–",
    "location": {"row": 3, "column": 6},
    "column header": "p value",
    "1-level row header": "Clinical",
    "2-level row header": "No. of participants"
  },

  {
    "data": "64.6 ± 6.1",
    "location": {"row": 4, "column": 2},
    "column header": "Placebo",
    "1-level row header": "Clinical",
    "2-level row header": "Age, years"
  },
  {
    "data": "70.1 ± 6.8",
    "location": {"row": 4, "column": 3},
    "column header": "Semaglutide",
    "1-level row header": "Clinical",
    "2-level row header": "Age, years"
  },
  {
    "data": "69.6 ± 6.0",
    "location": {"row": 4, "column": 4},
    "column header": "Empagliflozin",
    "1-level row header": "Clinical",
    "2-level row header": "Age, years"
  },
  {
    "data": "67.9 ± 6.2",
    "location": {"row": 4, "column": 5},
    "column header": "Combination",
    "1-level row header": "Clinical",
    "2-level row header": "Age, years"
  },
  {
    "data": "0.03",
    "location": {"row": 4, "column": 6},
    "column header": "p value",
    "1-level row header": "Clinical",
    "2-level row header": "Age, years"
  },

  {
    "data": "14 (70)",
    "location": {"row": 5, "column": 2},
    "column header": "Placebo",
    "1-level row header": "Clinical",
    "2-level row header": "Male sex"
  },
  {
    "data": "17 (85)",
    "location": {"row": 5, "column": 3},
    "column header": "Semaglutide",
    "1-level row header": "Clinical",
    "2-level row header": "Male sex"
  },
  {
    "data": "13 (65)",
    "location": {"row": 5, "column": 4},
    "column header": "Empagliflozin",
    "1-level row header": "Clinical",
    "2-level row header": "Male sex"
  },
  {
    "data": "17 (85)",
    "location": {"row": 5, "column": 5},
    "column header": "Combination",
    "1-level row header": "Clinical",
    "2-level row header": "Male sex"
  },
  {
    "data": "0.32",
    "location": {"row": 5, "column": 6},
    "column header": "p value",
    "1-level row header": "Clinical",
    "2-level row header": "Male sex"
  },

  {
    "data": "33 ± 6",
    "location": {"row": 6, "column": 2},
    "column header": "Placebo",
    "1-level row header": "Clinical",
    "2-level row header": "BMI, kg/m2"
  },
  {
    "data": "32 ± 5",
    "location": {"row": 6, "column": 3},
    "column header": "Semaglutide",
    "1-level row header": "Clinical",
    "2-level row header": "BMI, kg/m2"
  },
  {
    "data": "33 ± 6",
    "location": {"row": 6, "column": 4},
    "column header": "Empagliflozin",
    "1-level row header": "Clinical",
    "2-level row header": "BMI, kg/m2"
  },
  {
    "data": "31 ± 5",
    "location": {"row": 6, "column": 5},
    "column header": "Combination",
    "1-level row header": "Clinical",
    "2-level row header": "BMI, kg/m2"
  },
  {
    "data": "0.38",
    "location": {"row": 6, "column": 6},
    "column header": "p value",
    "1-level row header": "Clinical",
    "2-level row header": "BMI, kg/m2"
  },

  {
    "data": "8.0 (4.0–10.0)",
    "location": {"row": 7, "column": 2},
    "column header": "Placebo",
    "1-level row header": "Clinical",
    "2-level row header": "Duration of diabetes, years"
  },
  {
    "data": "8.5 (3.5–16.0)",
    "location": {"row": 7, "column": 3},
    "column header": "Semaglutide",
    "1-level row header": "Clinical",
    "2-level row header": "Duration of diabetes, years"
  },
  {
    "data": "10.0 (5.0–18.5)",
    "location": {"row": 7, "column": 4},
    "column header": "Empagliflozin",
    "1-level row header": "Clinical",
    "2-level row header": "Duration of diabetes, years"
  },
  {
    "data": "6.0 (2.3–12.0)",
    "location": {"row": 7, "column": 5},
    "column header": "Combination",
    "1-level row header": "Clinical",
    "2-level row header": "Duration of diabetes, years"
  },
  {
    "data": "0.46",
    "location": {"row": 7, "column": 6},
    "column header": "p value",
    "1-level row header": "Clinical",
    "2-level row header": "Duration of diabetes, years"
  },

  {
    "data": "139 ± 13a",
    "location": {"row": 8, "column": 2},
    "column header": "Placebo",
    "1-level row header": "Clinical",
    "2-level row header": "Office systolic BP, mmHg"
  },
  {
    "data": "131 ± 17b",
    "location": {"row": 8, "column": 3},
    "column header": "Semaglutide",
    "1-level row header": "Clinical",
    "2-level row header": "Office systolic BP, mmHg"
  },
  {
    "data": "139 ± 15a",
    "location": {"row": 8, "column": 4},
    "column header": "Empagliflozin",
    "1-level row header": "Clinical",
    "2-level row header": "Office systolic BP, mmHg"
  },
  {
    "data": "136 ± 14",
    "location": {"row": 8, "column": 5},
    "column header": "Combination",
    "1-level row header": "Clinical",
    "2-level row header": "Office systolic BP, mmHg"
  },
  {
    "data": "0.33",
    "location": {"row": 8, "column": 6},
    "column header": "p value",
    "1-level row header": "Clinical",
    "2-level row header": "Office systolic BP, mmHg"
  },

  {
    "data": "78 ± 10a",
    "location": {"row": 9, "column": 2},
    "column header": "Placebo",
    "1-level row header": "Clinical",
    "2-level row header": "Office diastolic BP, mmHg"
  },
  {
    "data": "73 ± 8b",
    "location": {"row": 9, "column": 3},
    "column header": "Semaglutide",
    "1-level row header": "Clinical",
    "2-level row header": "Office diastolic BP, mmHg"
  },
  {
    "data": "77 ± 6a",
    "location": {"row": 9, "column": 4},
    "column header": "Empagliflozin",
    "1-level row header": "Clinical",
    "2-level row header": "Office diastolic BP, mmHg"
  },
  {
    "data": "75 ± 9",
    "location": {"row": 9, "column": 5},
    "column header": "Combination",
    "1-level row header": "Clinical",
    "2-level row header": "Office diastolic BP, mmHg"
  },
  {
    "data": "0.22",
    "location": {"row": 9, "column": 6},
    "column header": "p value",
    "1-level row header": "Clinical",
    "2-level row header": "Office diastolic BP, mmHg"
  },

  {
    "data": "0.43",
    "location": {"row": 10, "column": 6},
    "column header": "p value",
    "1-level row header": "Clinical",
    "2-level row header": "Smoking"
  },

  {
    "data": "4 (20)",
    "location": {"row": 11, "column": 2},
    "column header": "Placebo",
    "1-level row header": "Clinical",
    "2-level row header": "Smoking",
    "3-level row header": "Yes"
  },
  {
    "data": "4 (20)",
    "location": {"row": 11, "column": 3},
    "column header": "Semaglutide",
    "1-level row header": "Clinical",
    "2-level row header": "Smoking",
    "3-level row header": "Yes"
  },
  {
    "data": "6 (30)",
    "location": {"row": 11, "column": 4},
    "column header": "Empagliflozin",
    "1-level row header": "Clinical",
    "2-level row header": "Smoking",
    "3-level row header": "Yes"
  },
  {
    "data": "3 (15)",
    "location": {"row": 11, "column": 5},
    "column header": "Combination",
    "1-level row header": "Clinical",
    "2-level row header": "Smoking",
    "3-level row header": "Yes"
  },
  {
    "data": "–",
    "location": {"row": 11, "column": 6},
    "column header": "p value",
    "1-level row header": "Clinical",
    "2-level row header": "Smoking",
    "3-level row header": "Yes"
  },

  {
    "data": "9 (45)",
    "location": {"row": 12, "column": 2},
    "column header": "Placebo",
    "1-level row header": "Clinical",
    "2-level row header": "Smoking",
    "3-level row header": "No"
  },
  {
    "data": "5 (25)",
    "location": {"row": 12, "column": 3},
    "column header": "Semaglutide",
    "1-level row header": "Clinical",
    "2-level row header": "Smoking",
    "3-level row header": "No"
  },
  {
    "data": "8 (40)",
    "location": {"row": 12, "column": 4},
    "column header": "Empagliflozin",
    "1-level row header": "Clinical",
    "2-level row header": "Smoking",
    "3-level row header": "No"
  },
  {
    "data": "5 (25)",
    "location": {"row": 12, "column": 5},
    "column header": "Combination",
    "1-level row header": "Clinical",
    "2-level row header": "Smoking",
    "3-level row header": "No"
  },
  {
    "data": "–",
    "location": {"row": 12, "column": 6},
    "column header": "p value",
    "1-level row header": "Clinical",
    "2-level row header": "Smoking",
    "3-level row header": "No"
  },

  {
    "data": "7 (35)",
    "location": {"row": 13, "column": 2},
    "column header": "Placebo",
    "1-level row header": "Clinical",
    "2-level row header": "Smoking",
    "3-level row header": "Former"
  },
  {
    "data": "11 (55)",
    "location": {"row": 13, "column": 3},
    "column header": "Semaglutide",
    "1-level row header": "Clinical",
    "2-level row header": "Smoking",
    "3-level row header": "Former"
  },
  {
    "data": "6 (30)",
    "location": {"row": 13, "column": 4},
    "column header": "Empagliflozin",
    "1-level row header": "Clinical",
    "2-level row header": "Smoking",
    "3-level row header": "Former"
  },
  {
    "data": "12 (60)",
    "location": {"row": 13, "column": 5},
    "column header": "Combination",
    "1-level row header": "Clinical",
    "2-level row header": "Smoking",
    "3-level row header": "Former"
  },
  {
    "data": "–",
    "location": {"row": 13, "column": 6},
    "column header": "p value",
    "1-level row header": "Clinical",
    "2-level row header": "Smoking",
    "3-level row header": "Former"
  },

  {
    "data": "9 (45)",
    "location": {"row": 14, "column": 2},
    "column header": "Placebo",
    "1-level row header": "Clinical",
    "2-level row header": "History of CVDc"
  },
  {
    "data": "12 (60)",
    "location": {"row": 14, "column": 3},
    "column header": "Semaglutide",
    "1-level row header": "Clinical",
    "2-level row header": "History of CVDc"
  },
  {
    "data": "12 (60)",
    "location": {"row": 14, "column": 4},
    "column header": "Empagliflozin",
    "1-level row header": "Clinical",
    "2-level row header": "History of CVDc"
  },
  {
    "data": "13 (65)",
    "location": {"row": 14, "column": 5},
    "column header": "Combination",
    "1-level row header": "Clinical",
    "2-level row header": "History of CVDc"
  },
  {
    "data": "0.61",
    "location": {"row": 14, "column": 6},
    "column header": "p value",
    "1-level row header": "Clinical",
    "2-level row header": "History of CVDc"
  },

  {
    "data": "4 (20)",
    "location": {"row": 15, "column": 2},
    "column header": "Placebo",
    "1-level row header": "Clinical",
    "2-level row header": "History of CVDc and age <60 years"
  },
  {
    "data": "2 (10)",
    "location": {"row": 15, "column": 3},
    "column header": "Semaglutide",
    "1-level row header": "Clinical",
    "2-level row header": "History of CVDc and age <60 years"
  },
  {
    "data": "1 (5)",
    "location": {"row": 15, "column": 4},
    "column header": "Empagliflozin",
    "1-level row header": "Clinical",
    "2-level row header": "History of CVDc and age <60 years"
  },
  {
    "data": "2 (10)",
    "location": {"row": 15, "column": 5},
    "column header": "Combination",
    "1-level row header": "Clinical",
    "2-level row header": "History of CVDc and age <60 years"
  },
  {
    "data": "–",
    "location": {"row": 15, "column": 6},
    "column header": "p value",
    "1-level row header": "Clinical",
    "2-level row header": "History of CVDc and age <60 years"
  },

  {
    "data": "5 (25)",
    "location": {"row": 16, "column": 2},
    "column header": "Placebo",
    "1-level row header": "Clinical",
    "2-level row header": "History of CVDc and age ≥60 years"
  },
  {
    "data": "10 (50)",
    "location": {"row": 16, "column": 3},
    "column header": "Semaglutide",
    "1-level row header": "Clinical",
    "2-level row header": "History of CVDc and age ≥60 years"
  },
  {
    "data": "11 (55)",
    "location": {"row": 16, "column": 4},
    "column header": "Empagliflozin",
    "1-level row header": "Clinical",
    "2-level row header": "History of CVDc and age ≥60 years"
  },
  {
    "data": "11 (55)",
    "location": {"row": 16, "column": 5},
    "column header": "Combination",
    "1-level row header": "Clinical",
    "2-level row header": "History of CVDc and age ≥60 years"
  },
  {
    "data": "–",
    "location": {"row": 16, "column": 6},
    "column header": "p value",
    "1-level row header": "Clinical",
    "2-level row header": "History of CVDc and age ≥60 years"
  },

  {
    "data": "60 (51–67)",
    "location": {"row": 18, "column": 2},
    "column header": "Placebo",
    "1-level row header": "Biochemistry",
    "2-level row header": "HbA1c, mmol/mol"
  },
  {
    "data": "59 (52–62)",
    "location": {"row": 18, "column": 3},
    "column header": "Semaglutide",
    "1-level row header": "Biochemistry",
    "2-level row header": "HbA1c, mmol/mol"
  },
  {
    "data": "57 (52–60)",
    "location": {"row": 18, "column": 4},
    "column header": "Empagliflozin",
    "1-level row header": "Biochemistry",
    "2-level row header": "HbA1c, mmol/mol"
  },
  {
    "data": "58 (50–74)",
    "location": {"row": 18, "column": 5},
    "column header": "Combination",
    "1-level row header": "Biochemistry",
    "2-level row header": "HbA1c, mmol/mol"
  },
  {
    "data": "0.85",
    "location": {"row": 18, "column": 6},
    "column header": "p value",
    "1-level row header": "Biochemistry",
    "2-level row header": "HbA1c, mmol/mol"
  },

  {
    "data": "7.6 (6.8–8.3)",
    "location": {"row": 19, "column": 2},
    "column header": "Placebo",
    "1-level row header": "Biochemistry",
    "2-level row header": "HbA1c, %"
  },
  {
    "data": "7.5 (6.9–7.8)",
    "location": {"row": 19, "column": 3},
    "column header": "Semaglutide",
    "1-level row header": "Biochemistry",
    "2-level row header": "HbA1c, %"
  },
  {
    "data": "7.4 (6.9–7.6)",
    "location": {"row": 19, "column": 4},
    "column header": "Empagliflozin",
    "1-level row header": "Biochemistry",
    "2-level row header": "HbA1c, %"
  },
  {
    "data": "7.5 (6.7–8.9)",
    "location": {"row": 19, "column": 5},
    "column header": "Combination",
    "1-level row header": "Biochemistry",
    "2-level row header": "HbA1c, %"
  },
  {
    "data": "–",
    "location": {"row": 19, "column": 6},
    "column header": "p value",
    "1-level row header": "Biochemistry",
    "2-level row header": "HbA1c, %"
  },

  {
    "data": "8.7 ± 2.5",
    "location": {"row": 20, "column": 2},
    "column header": "Placebo",
    "1-level row header": "Biochemistry",
    "2-level row header": "Plasma glucose, mmol/l"
  },
  {
    "data": "8.4 ± 3.0",
    "location": {"row": 20, "column": 3},
    "column header": "Semaglutide",
    "1-level row header": "Biochemistry",
    "2-level row header": "Plasma glucose, mmol/l"
  },
  {
    "data": "8.1 ± 2.2",
    "location": {"row": 20, "column": 4},
    "column header": "Empagliflozin",
    "1-level row header": "Biochemistry",
    "2-level row header": "Plasma glucose, mmol/l"
  },
  {
    "data": "9.5 ± 4.6",
    "location": {"row": 20, "column": 5},
    "column header": "Combination",
    "1-level row header": "Biochemistry",
    "2-level row header": "Plasma glucose, mmol/l"
  },
  {
    "data": "0.76",
    "location": {"row": 20, "column": 6},
    "column header": "p value",
    "1-level row header": "Biochemistry",
    "2-level row header": "Plasma glucose, mmol/l"
  },

  {
    "data": "0.46 ± 0.04",
    "location": {"row": 21, "column": 2},
    "column header": "Placebo",
    "1-level row header": "Biochemistry",
    "2-level row header": "Haematocrit, vol%"
  },
  {
    "data": "0.43 ± 0.04",
    "location": {"row": 21, "column": 3},
    "column header": "Semaglutide",
    "1-level row header": "Biochemistry",
    "2-level row header": "Haematocrit, vol%"
  },
  {
    "data": "0.43 ± 0.04",
    "location": {"row": 21, "column": 4},
    "column header": "Empagliflozin",
    "1-level row header": "Biochemistry",
    "2-level row header": "Haematocrit, vol%"
  },
  {
    "data": "0.41 ± 0.05",
    "location": {"row": 21, "column": 5},
    "column header": "Combination",
    "1-level row header": "Biochemistry",
    "2-level row header": "Haematocrit, vol%"
  },
  {
    "data": "0.02",
    "location": {"row": 21, "column": 6},
    "column header": "p value",
    "1-level row header": "Biochemistry",
    "2-level row header": "Haematocrit, vol%"
  },

  {
    "data": "8 (6–11)",
    "location": {"row": 22, "column": 2},
    "column header": "Placebo",
    "1-level row header": "Biochemistry",
    "2-level row header": "P-EPO, U/l"
  },
  {
    "data": "10 (8–15)",
    "location": {"row": 22, "column": 3},
    "column header": "Semaglutide",
    "1-level row header": "Biochemistry",
    "2-level row header": "P-EPO, U/l"
  },
  {
    "data": "10 (7–15)",
    "location": {"row": 22, "column": 4},
    "column header": "Empagliflozin",
    "1-level row header": "Biochemistry",
    "2-level row header": "P-EPO, U/l"
  },
  {
    "data": "11 (9–17)",
    "location": {"row": 22, "column": 5},
    "column header": "Combination",
    "1-level row header": "Biochemistry",
    "2-level row header": "P-EPO, U/l"
  },
  {
    "data": "0.12",
    "location": {"row": 22, "column": 6},
    "column header": "p value",
    "1-level row header": "Biochemistry",
    "2-level row header": "P-EPO, U/l"
  },

  {
    "data": "1.58 (0.57–10.74)",
    "location": {"row": 23, "column": 2},
    "column header": "Placebo",
    "1-level row header": "Biochemistry",
    "2-level row header": "UACR, mg/mmol"
  },
  {
    "data": "2.83 (0.9–9.49)",
    "location": {"row": 23, "column": 3},
    "column header": "Semaglutide",
    "1-level row header": "Biochemistry",
    "2-level row header": "UACR, mg/mmol"
  },
  {
    "data": "1.24 (0.9–2.03)",
    "location": {"row": 23, "column": 4},
    "column header": "Empagliflozin",
    "1-level row header": "Biochemistry",
    "2-level row header": "UACR, mg/mmol"
  },
  {
    "data": "1.81 (0.79–7.23)",
    "location": {"row": 23, "column": 5},
    "column header": "Combination",
    "1-level row header": "Biochemistry",
    "2-level row header": "UACR, mg/mmol"
  },
  {
    "data": "0.76",
    "location": {"row": 23, "column": 6},
    "column header": "p value",
    "1-level row header": "Biochemistry",
    "2-level row header": "UACR, mg/mmol"
  },

  {
    "data": "7 (35)",
    "location": {"row": 24, "column": 2},
    "column header": "Placebo",
    "1-level row header": "Biochemistry",
    "2-level row header": "UACR 3–30 mg/mmol"
  },
  {
    "data": "8 (40)",
    "location": {"row": 24, "column": 3},
    "column header": "Semaglutide",
    "1-level row header": "Biochemistry",
    "2-level row header": "UACR 3–30 mg/mmol"
  },
  {
    "data": "3 (15)",
    "location": {"row": 24, "column": 4},
    "column header": "Empagliflozin",
    "1-level row header": "Biochemistry",
    "2-level row header": "UACR 3–30 mg/mmol"
  },
  {
    "data": "7 (35)",
    "location": {"row": 24, "column": 5},
    "column header": "Combination",
    "1-level row header": "Biochemistry",
    "2-level row header": "UACR 3–30 mg/mmol"
  },
  {
    "data": "–",
    "location": {"row": 24, "column": 6},
    "column header": "p value",
    "1-level row header": "Biochemistry",
    "2-level row header": "UACR 3–30 mg/mmol"
  },

  {
    "data": "2 (10)",
    "location": {"row": 25, "column": 2},
    "column header": "Placebo",
    "1-level row header": "Biochemistry",
    "2-level row header": "UACR >30 mg/mmol"
  },
  {
    "data": "0 (0)",
    "location": {"row": 25, "column": 3},
    "column header": "Semaglutide",
    "1-level row header": "Biochemistry",
    "2-level row header": "UACR >30 mg/mmol"
  },
  {
    "data": "0 (0)",
    "location": {"row": 25, "column": 4},
    "column header": "Empagliflozin",
    "1-level row header": "Biochemistry",
    "2-level row header": "UACR >30 mg/mmol"
  },
  {
    "data": "1 (5)",
    "location": {"row": 25, "column": 5},
    "column header": "Combination",
    "1-level row header": "Biochemistry",
    "2-level row header": "UACR >30 mg/mmol"
  },
  {
    "data": "–",
    "location": {"row": 25, "column": 6},
    "column header": "p value",
    "1-level row header": "Biochemistry",
    "2-level row header": "UACR >30 mg/mmol"
  },

  {
    "data": "91 ± 23a",
    "location": {"row": 26, "column": 2},
    "column header": "Placebo",
    "1-level row header": "Biochemistry",
    "2-level row header": "GFR, ml/min per 1.73 m2"
  },
  {
    "data": "87 ± 21d",
    "location": {"row": 26, "column": 3},
    "column header": "Semaglutide",
    "1-level row header": "Biochemistry",
    "2-level row header": "GFR, ml/min per 1.73 m2"
  },
  {
    "data": "88 ± 18",
    "location": {"row": 26, "column": 4},
    "column header": "Empagliflozin",
    "1-level row header": "Biochemistry",
    "2-level row header": "GFR, ml/min per 1.73 m2"
  },
  {
    "data": "81 ± 26",
    "location": {"row": 26, "column": 5},
    "column header": "Combination",
    "1-level row header": "Biochemistry",
    "2-level row header": "GFR, ml/min per 1.73 m2"
  },
  {
    "data": "0.43",
    "location": {"row": 26, "column": 6},
    "column header": "p value",
    "1-level row header": "Biochemistry",
    "2-level row header": "GFR, ml/min per 1.73 m2"
  },

  {
    "data": "3 (15)",
    "location": {"row": 27, "column": 2},
    "column header": "Placebo",
    "1-level row header": "Biochemistry",
    "2-level row header": "GFR <60 ml/min per 1.73 m2"
  },
  {
    "data": "1 (5)",
    "location": {"row": 27, "column": 3},
    "column header": "Semaglutide",
    "1-level row header": "Biochemistry",
    "2-level row header": "GFR <60 ml/min per 1.73 m2"
  },
  {
    "data": "1 (5)",
    "location": {"row": 27, "column": 4},
    "column header": "Empagliflozin",
    "1-level row header": "Biochemistry",
    "2-level row header": "GFR <60 ml/min per 1.73 m2"
  },
  {
    "data": "5 (25)",
    "location": {"row": 27, "column": 5},
    "column header": "Combination",
    "1-level row header": "Biochemistry",
    "2-level row header": "GFR <60 ml/min per 1.73 m2"
  },
  {
    "data": "–",
    "location": {"row": 27, "column": 6},
    "column header": "p value",
    "1-level row header": "Biochemistry",
    "2-level row header": "GFR <60 ml/min per 1.73 m2"
  },

  {
    "data": "18 (90)",
    "location": {"row": 29, "column": 2},
    "column header": "Placebo",
    "1-level row header": "Medication",
    "2-level row header": "Metformin"
  },
  {
    "data": "17 (85)",
    "location": {"row": 29, "column": 3},
    "column header": "Semaglutide",
    "1-level row header": "Medication",
    "2-level row header": "Metformin"
  },
  {
    "data": "18 (90)",
    "location": {"row": 29, "column": 4},
    "column header": "Empagliflozin",
    "1-level row header": "Medication",
    "2-level row header": "Metformin"
  },
  {
    "data": "20 (100)",
    "location": {"row": 29, "column": 5},
    "column header": "Combination",
    "1-level row header": "Medication",
    "2-level row header": "Metformin"
  },
  {
    "data": "0.40",
    "location": {"row": 29, "column": 6},
    "column header": "p value",
    "1-level row header": "Medication",
    "2-level row header": "Metformin"
  },

  {
    "data": "4 (20)",
    "location": {"row": 30, "column": 2},
    "column header": "Placebo",
    "1-level row header": "Medication",
    "2-level row header": "Insulin therapy"
  },
  {
    "data": "4 (20)",
    "location": {"row": 30, "column": 3},
    "column header": "Semaglutide",
    "1-level row header": "Medication",
    "2-level row header": "Insulin therapy"
  },
  {
    "data": "6 (30)",
    "location": {"row": 30, "column": 4},
    "column header": "Empagliflozin",
    "1-level row header": "Medication",
    "2-level row header": "Insulin therapy"
  },
  {
    "data": "2 (10)",
    "location": {"row": 30, "column": 5},
    "column header": "Combination",
    "1-level row header": "Medication",
    "2-level row header": "Insulin therapy"
  },
  {
    "data": "0.47",
    "location": {"row": 30, "column": 6},
    "column header": "p value",
    "1-level row header": "Medication",
    "2-level row header": "Insulin therapy"
  },

  {
    "data": "16 (80)",
    "location": {"row": 31, "column": 2},
    "column header": "Placebo",
    "1-level row header": "Medication",
    "2-level row header": "Renin–angiotensin–aldosterone system blocker"
  },
  {
    "data": "15 (75)",
    "location": {"row": 31, "column": 3},
    "column header": "Semaglutide",
    "1-level row header": "Medication",
    "2-level row header": "Renin–angiotensin–aldosterone system blocker"
  },
  {
    "data": "14 (70)",
    "location": {"row": 31, "column": 4},
    "column header": "Empagliflozin",
    "1-level row header": "Medication",
    "2-level row header": "Renin–angiotensin–aldosterone system blocker"
  },
  {
    "data": "18 (90)",
    "location": {"row": 31, "column": 5},
    "column header": "Combination",
    "1-level row header": "Medication",
    "2-level row header": "Renin–angiotensin–aldosterone system blocker"
  },
  {
    "data": "0.45",
    "location": {"row": 31, "column": 6},
    "column header": "p value",
    "1-level row header": "Medication",
    "2-level row header": "Renin–angiotensin–aldosterone system blocker"
  },

  {
    "data": "11 (55)",
    "location": {"row": 32, "column": 2},
    "column header": "Placebo",
    "1-level row header": "Medication",
    "2-level row header": "Calcium antagonist"
  },
  {
    "data": "9 (45)",
    "location": {"row": 32, "column": 3},
    "column header": "Semaglutide",
    "1-level row header": "Medication",
    "2-level row header": "Calcium antagonist"
  },
  {
    "data": "9 (45)",
    "location": {"row": 32, "column": 4},
    "column header": "Empagliflozin",
    "1-level row header": "Medication",
    "2-level row header": "Calcium antagonist"
  },
  {
    "data": "7 (35)",
    "location": {"row": 32, "column": 5},
    "column header": "Combination",
    "1-level row header": "Medication",
    "2-level row header": "Calcium antagonist"
  },
  {
    "data": "0.66",
    "location": {"row": 32, "column": 6},
    "column header": "p value",
    "1-level row header": "Medication",
    "2-level row header": "Calcium antagonist"
  },

  {
    "data": "4 (20)",
    "location": {"row": 33, "column": 2},
    "column header": "Placebo",
    "1-level row header": "Medication",
    "2-level row header": "β-blocker"
  },
  {
    "data": "12 (60)",
    "location": {"row": 33, "column": 3},
    "column header": "Semaglutide",
    "1-level row header": "Medication",
    "2-level row header": "β-blocker"
  },
  {
    "data": "6 (30)",
    "location": {"row": 33, "column": 4},
    "column header": "Empagliflozin",
    "1-level row header": "Medication",
    "2-level row header": "β-blocker"
  },
  {
    "data": "9 (45)",
    "location": {"row": 33, "column": 5},
    "column header": "Combination",
    "1-level row header": "Medication",
    "2-level row header": "β-blocker"
  },
  {
    "data": "0.05",
    "location": {"row": 33, "column": 6},
    "column header": "p value",
    "1-level row header": "Medication",
    "2-level row header": "β-blocker"
  },

  {
    "data": "8 (40)",
    "location": {"row": 34, "column": 2},
    "column header": "Placebo",
    "1-level row header": "Medication",
    "2-level row header": "Thiazide/loop diuretics"
  },
  {
    "data": "8 (40)",
    "location": {"row": 34, "column": 3},
    "column header": "Semaglutide",
    "1-level row header": "Medication",
    "2-level row header": "Thiazide/loop diuretics"
  },
  {
    "data": "10 (50)",
    "location": {"row": 34, "column": 4},
    "column header": "Empagliflozin",
    "1-level row header": "Medication",
    "2-level row header": "Thiazide/loop diuretics"
  },
  {
    "data": "4 (20)",
    "location": {"row": 34, "column": 5},
    "column header": "Combination",
    "1-level row header": "Medication",
    "2-level row header": "Thiazide/loop diuretics"
  },
  {
    "data": "0.25",
    "location": {"row": 34, "column": 6},
    "column header": "p value",
    "1-level row header": "Medication",
    "2-level row header": "Thiazide/loop diuretics"
  },

  {
    "data": "18 (90)",
    "location": {"row": 35, "column": 2},
    "column header": "Placebo",
    "1-level row header": "Medication",
    "2-level row header": "Statin"
  },
  {
    "data": "18 (90)",
    "location": {"row": 35, "column": 3},
    "column header": "Semaglutide",
    "1-level row header": "Medication",
    "2-level row header": "Statin"
  },
  {
    "data": "15 (75)",
    "location": {"row": 35, "column": 4},
    "column header": "Empagliflozin",
    "1-level row header": "Medication",
    "2-level row header": "Statin"
  },
  {
    "data": "20 (100)",
    "location": {"row": 35, "column": 5},
    "column header": "Combination",
    "1-level row header": "Medication",
    "2-level row header": "Statin"
  },
  {
    "data": "0.09",
    "location": {"row": 35, "column": 6},
    "column header": "p value",
    "1-level row header": "Medication",
    "2-level row header": "Statin"
  }
]
