[
  {
    "data cell": "62 (52.5%)",
    "location": "Row 1, Column 2",
    "row header": "Male, n (%)",
    "column header": "FDC of MSP (N = 118)"
  },
  {
    "data cell": "63 (53.4%)",
    "location": "Row 1, Column 3",
    "row header": "Male, n (%)",
    "column header": "MS (N = 118)"
  },
  {
    "data cell": "0.43",
    "location": "Row 1, Column 4",
    "row header": "Male, n (%)",
    "column header": "P value"
  },
  {
    "data cell": "56 (47.5%)",
    "location": "Row 2, Column 2",
    "row header": "Female, n (%)",
    "column header": "FDC of MSP (N = 118)"
  },
  {
    "data cell": "55 (46.6%)",
    "location": "Row 2, Column 3",
    "row header": "Female, n (%)",
    "column header": "MS (N = 118)"
  },
  {
    "data cell": "0.37",
    "location": "Row 2, Column 4",
    "row header": "Female, n (%)",
    "column header": "P value"
  },
  {
    "data cell": "51.7 (8.01)",
    "location": "Row 3, Column 2",
    "row header": "Age, years, mean (SD)",
    "column header": "FDC of MSP (N = 118)"
  },
  {
    "data cell": "49.6 (9.54)",
    "location": "Row 3, Column 3",
    "row header": "Age, years, mean (SD)",
    "column header": "MS (N = 118)"
  },
  {
    "data cell": "0.0787",
    "location": "Row 3, Column 4",
    "row header": "Age, years, mean (SD)",
    "column header": "P value"
  },
  {
    "data cell": "67.1 (12.87)",
    "location": "Row 4, Column 2",
    "row header": "Weight, kg, mean (SD)",
    "column header": "FDC of MSP (N = 118)"
  },
  {
    "data cell": "65.5 (10.94)",
    "location": "Row 4, Column 3",
    "row header": "Weight, kg, mean (SD)",
    "column header": "MS (N = 118)"
  },
  {
    "data cell": "0.3074",
    "location": "Row 4, Column 4",
    "row header": "Weight, kg, mean (SD)",
    "column header": "P value"
  },
  {
    "data cell": "162.8 (8.23)",
    "location": "Row 5, Column 2",
    "row header": "Height, cm, mean (SD)",
    "column header": "FDC of MSP (N = 118)"
  },
  {
    "data cell": "161.5 (7.79)",
    "location": "Row 5, Column 3",
    "row header": "Height, cm, mean (SD)",
    "column header": "MS (N = 118)"
  },
  {
    "data cell": "0.2081",
    "location": "Row 5, Column 4",
    "row header": "Height, cm, mean (SD)",
    "column header": "P value"
  },
  {
    "data cell": "25.2 (3.81)",
    "location": "Row 6, Column 2",
    "row header": "BMI, kg/m², mean (SD)",
    "column header": "FDC of MSP (N = 118)"
  },
  {
    "data cell": "25.1 (3.55)",
    "location": "Row 6, Column 3",
    "row header": "BMI, kg/m², mean (SD)",
    "column header": "MS (N = 118)"
  },
  {
    "data cell": "0.772",
    "location": "Row 6, Column 4",
    "row header": "BMI, kg/m², mean (SD)",
    "column header": "P value"
  },
  {
    "data cell": "36.8 (3.62)",
    "location": "Row 7, Column 2",
    "row header": "Waist circumference, inches, mean (SD)",
    "column header": "FDC of MSP (N = 118)"
  },
  {
    "data cell": "36.2 (3.68)",
    "location": "Row 7, Column 3",
    "row header": "Waist circumference, inches, mean (SD)",
    "column header": "MS (N = 118)"
  },
  {
    "data cell": "0.2106",
    "location": "Row 7, Column 4",
    "row header": "Waist circumference, inches, mean (SD)",
    "column header": "P value"
  },
  {
    "data cell": "0.9 (0.07)",
    "location": "Row 8, Column 2",
    "row header": "Waist-to-hip ratio, mean (SD)",
    "column header": "FDC of MSP (N = 118)"
  },
  {
    "data cell": "0.9 (0.10)",
    "location": "Row 8, Column 3",
    "row header": "Waist-to-hip ratio, mean (SD)",
    "column header": "MS (N = 118)"
  },
  {
    "data cell": "0.3733",
    "location": "Row 8, Column 4",
    "row header": "Waist-to-hip ratio, mean (SD)",
    "column header": "P value"
  },
  {
    "data cell": "9.21 (0.78)",
    "location": "Row 9, Column 2",
    "row header": "HbA1C, %, mean (SD)",
    "column header": "FDC of MSP (N = 118)"
  },
  {
    "data cell": "9.25 (0.78)",
    "location": "Row 9, Column 3",
    "row header": "HbA1C, %, mean (SD)",
    "column header": "MS (N = 118)"
  },
  {
    "data cell": "0.7181",
    "location": "Row 9, Column 4",
    "row header": "HbA1C, %, mean (SD)",
    "column header": "P value"
  },
  {
    "data cell": "41.1 (33.47), 2–169.4",
    "location": "Row 10, Column 2",
    "row header": "Duration of diabetes, months, mean (SD), range",
    "column header": "FDC of MSP (N = 118)"
  },
  {
    "data cell": "36.5 (42.86), 1.5–360.6",
    "location": "Row 10, Column 3",
    "row header": "Duration of diabetes, months, mean (SD), range",
    "column header": "MS (N = 118)"
  },
  {
    "data cell": "0.3524",
    "location": "Row 10, Column 4",
    "row header": "Duration of diabetes, months, mean (SD), range",
    "column header": "P value"
  }
]
