[
  {
    "data cell": {"value": "0.43", "confidence": "high"},
    "location": {"value": "Row Smoking, Column 6", "confidence": "high"},
    "row header": {
      "1-level row header": {"value": "Clinical", "confidence": "high"},
      "2-level row header": {"value": "Smoking", "confidence": "high"}
    },
    "column header": {
      "1-level column header": {"value": "p value", "confidence": "high"}
    }
  },
  {
    "data cell": {"value": "4 (20)", "confidence": "high"},
    "location": {"value": "Row Yes, Column 2", "confidence": "high"},
    "row header": {
      "1-level row header": {"value": "Clinical", "confidence": "high"},
      "2-level row header": {"value": "Yes", "confidence": "high"}
    },
    "column header": {
      "1-level column header": {"value": "Placebo", "confidence": "high"}
    }
  },
  {
    "data cell": {"value": "4 (20)", "confidence": "high"},
    "location": {"value": "Row Yes, Column 3", "confidence": "high"},
    "row header": {
      "1-level row header": {"value": "Clinical", "confidence": "high"},
      "2-level row header": {"value": "Yes", "confidence": "high"}
    },
    "column header": {
      "1-level column header": {"value": "Semaglutide", "confidence": "high"}
    }
  },
  {
    "data cell": {"value": "6 (30)", "confidence": "high"},
    "location": {"value": "Row Yes, Column 4", "confidence": "high"},
    "row header": {
      "1-level row header": {"value": "Clinical", "confidence": "high"},
      "2-level row header": {"value": "Yes", "confidence": "high"}
    },
    "column header": {
      "1-level column header": {"value": "Empagliflozin", "confidence": "high"}
    }
  },
  {
    "data cell": {"value": "3 (15)", "confidence": "high"},
    "location": {"value": "Row Yes, Column 5", "confidence": "high"},
    "row header": {
      "1-level row header": {"value": "Clinical", "confidence": "high"},
      "2-level row header": {"value": "Yes", "confidence": "high"}
    },
    "column header": {
      "1-level column header": {"value": "Combination", "confidence": "high"}
    }
  },
  {
    "data cell": {"value": "9 (45)", "confidence": "high"},
    "location": {"value": "Row No, Column 2", "confidence": "high"},
    "row header": {
      "1-level row header": {"value": "Clinical", "confidence": "high"},
      "2-level row header": {"value": "No", "confidence": "high"}
    },
    "column header": {
      "1-level column header": {"value": "Placebo", "confidence": "high"}
    }
  },
  {
    "data cell": {"value": "5 (25)", "confidence": "high"},
    "location": {"value": "Row No, Column 3", "confidence": "high"},
    "row header": {
      "1-level row header": {"value": "Clinical", "confidence": "high"},
      "2-level row header": {"value": "No", "confidence": "high"}
    },
    "column header": {
      "1-level column header": {"value": "Semaglutide", "confidence": "high"}
    }
  },
  {
    "data cell": {"value": "8 (40)", "confidence": "high"},
    "location": {"value": "Row No, Column 4", "confidence": "high"},
    "row header": {
      "1-level row header": {"value": "Clinical", "confidence": "high"},
      "2-level row header": {"value": "No", "confidence": "high"}
    },
    "column header": {
      "1-level column header": {"value": "Empagliflozin", "confidence": "high"}
    }
  },
  {
    "data cell": {"value": "5 (25)", "confidence": "high"},
    "location": {"value": "Row No, Column 5", "confidence": "high"},
    "row header": {
      "1-level row header": {"value": "Clinical", "confidence": "high"},
      "2-level row header": {"value": "No", "confidence": "high"}
    },
    "column header": {
      "1-level column header": {"value": "Combination", "confidence": "high"}
    }
  },
  {
    "data cell": {"value": "7 (35)", "confidence": "high"},
    "location": {"value": "Row Former, Column 2", "confidence": "high"},
    "row header": {
      "1-level row header": {"value": "Clinical", "confidence": "high"},
      "2-level row header": {"value": "Former", "confidence": "high"}
    },
    "column header": {
      "1-level column header": {"value": "Placebo", "confidence": "high"}
    }
  },
  {
    "data cell": {"value": "11 (55)", "confidence": "high"},
    "location": {"value": "Row Former, Column 3", "confidence": "high"},
    "row header": {
      "1-level row header": {"value": "Clinical", "confidence": "high"},
      "2-level row header": {"value": "Former", "confidence": "high"}
    },
    "column header": {
      "1-level column header": {"value": "Semaglutide", "confidence": "high"}
    }
  },
  {
    "data cell": {"value": "6 (30)", "confidence": "high"},
    "location": {"value": "Row Former, Column 4", "confidence": "high"},
    "row header": {
      "1-level row header": {"value": "Clinical", "confidence": "high"},
      "2-level row header": {"value": "Former", "confidence": "high"}
    },
    "column header": {
      "1-level column header": {"value": "Empagliflozin", "confidence": "high"}
    }
  },
  {
    "data cell": {"value": "12 (60)", "confidence": "high"},
    "location": {"value": "Row Former, Column 5", "confidence": "high"},
    "row header": {
      "1-level row header": {"value": "Clinical", "confidence": "high"},
      "2-level row header": {"value": "Former", "confidence": "high"}
    },
    "column header": {
      "1-level column header": {"value": "Combination", "confidence": "high"}
    }
  }
]
