[
  { "data_cell": "20", "location": { "row_index": 3, "col_index": 2 }, "1-level row header": "Clinical", "2-level row header": "No. of participants", "column header": "Placebo" },
  { "data_cell": "20", "location": { "row_index": 3, "col_index": 3 }, "1-level row header": "Clinical", "2-level row header": "No. of participants", "column header": "Semaglutide" },
  { "data_cell": "20", "location": { "row_index": 3, "col_index": 4 }, "1-level row header": "Clinical", "2-level row header": "No. of participants", "column header": "Empagliflozin" },
  { "data_cell": "20", "location": { "row_index": 3, "col_index": 5 }, "1-level row header": "Clinical", "2-level row header": "No. of participants", "column header": "Combination" },
  { "data_cell": "–", "location": { "row_index": 3, "col_index": 6 }, "1-level row header": "Clinical", "2-level row header": "No. of participants", "column header": "p value" },

  { "data_cell": "64.6 ± 6.1", "location": { "row_index": 4, "col_index": 2 }, "1-level row header": "Clinical", "2-level row header": "Age, years", "column header": "Placebo" },
  { "data_cell": "70.1 ± 6.8", "location": { "row_index": 4, "col_index": 3 }, "1-level row header": "Clinical", "2-level row header": "Age, years", "column header": "Semaglutide" },
  { "data_cell": "69.6 ± 6.0", "location": { "row_index": 4, "col_index": 4 }, "1-level row header": "Clinical", "2-level row header": "Age, years", "column header": "Empagliflozin" },
  { "data_cell": "67.9 ± 6.2", "location": { "row_index": 4, "col_index": 5 }, "1-level row header": "Clinical", "2-level row header": "Age, years", "column header": "Combination" },
  { "data_cell": "0.03", "location": { "row_index": 4, "col_index": 6 }, "1-level row header": "Clinical", "2-level row header": "Age, years", "column header": "p value" },

  { "data_cell": "14 (70)", "location": { "row_index": 5, "col_index": 2 }, "1-level row header": "Clinical", "2-level row header": "Male sex", "column header": "Placebo" },
  { "data_cell": "17 (85)", "location": { "row_index": 5, "col_index": 3 }, "1-level row header": "Clinical", "2-level row header": "Male sex", "column header": "Semaglutide" },
  { "data_cell": "13 (65)", "location": { "row_index": 5, "col_index": 4 }, "1-level row header": "Clinical", "2-level row header": "Male sex", "column header": "Empagliflozin" },
  { "data_cell": "17 (85)", "location": { "row_index": 5, "col_index": 5 }, "1-level row header": "Clinical", "2-level row header": "Male sex", "column header": "Combination" },
  { "data_cell": "0.32", "location": { "row_index": 5, "col_index": 6 }, "1-level row header": "Clinical", "2-level row header": "Male sex", "column header": "p value" },

  { "data_cell": "33 ± 6", "location": { "row_index": 6, "col_index": 2 }, "1-level row header": "Clinical", "2-level row header": "BMI, kg/m2", "column header": "Placebo" },
  { "data_cell": "32 ± 5", "location": { "row_index": 6, "col_index": 3 }, "1-level row header": "Clinical", "2-level row header": "BMI, kg/m2", "column header": "Semaglutide" },
  { "data_cell": "33 ± 6", "location": { "row_index": 6, "col_index": 4 }, "1-level row header": "Clinical", "2-level row header": "BMI, kg/m2", "column header": "Empagliflozin" },
  { "data_cell": "31 ± 5", "location": { "row_index": 6, "col_index": 5 }, "1-level row header": "Clinical", "2-level row header": "BMI, kg/m2", "column header": "Combination" },
  { "data_cell": "0.38", "location": { "row_index": 6, "col_index": 6 }, "1-level row header": "Clinical", "2-level row header": "BMI, kg/m2", "column header": "p value" },

  { "data_cell": "8.0 (4.0–10.0)", "location": { "row_index": 7, "col_index": 2 }, "1-level row header": "Clinical", "2-level row header": "Duration of diabetes, years", "column header": "Placebo" },
  { "data_cell": "8.5 (3.5–16.0)", "location": { "row_index": 7, "col_index": 3 }, "1-level row header": "Clinical", "2-level row header": "Duration of diabetes, years", "column header": "Semaglutide" },
  { "data_cell": "10.0 (5.0–18.5)", "location": { "row_index": 7, "col_index": 4 }, "1-level row header": "Clinical", "2-level row header": "Duration of diabetes, years", "column header": "Empagliflozin" },
  { "data_cell": "6.0 (2.3–12.0)", "location": { "row_index": 7, "col_index": 5 }, "1-level row header": "Clinical", "2-level row header": "Duration of diabetes, years", "column header": "Combination" },
  { "data_cell": "0.46", "location": { "row_index": 7, "col_index": 6 }, "1-level row header": "Clinical", "2-level row header": "Duration of diabetes, years", "column header": "p value" },

  { "data_cell": "139 ± 13a", "location": { "row_index": 8, "col_index": 2 }, "1-level row header": "Clinical", "2-level row header": "Office systolic BP, mmHg", "column header": "Placebo" },
  { "data_cell": "131 ± 17b", "location": { "row_index": 8, "col_index": 3 }, "1-level row header": "Clinical", "2-level row header": "Office systolic BP, mmHg", "column header": "Semaglutide" },
  { "data_cell": "139 ± 15a", "location": { "row_index": 8, "col_index": 4 }, "1-level row header": "Clinical", "2-level row header": "Office systolic BP, mmHg", "column header": "Empagliflozin" },
  { "data_cell": "136 ± 14", "location": { "row_index": 8, "col_index": 5 }, "1-level row header": "Clinical", "2-level row header": "Office systolic BP, mmHg", "column header": "Combination" },
  { "data_cell": "0.33", "location": { "row_index": 8, "col_index": 6 }, "1-level row header": "Clinical", "2-level row header": "Office systolic BP, mmHg", "column header": "p value" },

  { "data_cell": "78 ± 10a", "location": { "row_index": 9, "col_index": 2 }, "1-level row header": "Clinical", "2-level row header": "Office diastolic BP, mmHg", "column header": "Placebo" },
  { "data_cell": "73 ± 8b", "location": { "row_index": 9, "col_index": 3 }, "1-level row header": "Clinical", "2-level row header": "Office diastolic BP, mmHg", "column header": "Semaglutide" },
  { "data_cell": "77 ± 6a", "location": { "row_index": 9, "col_index": 4 }, "1-level row header": "Clinical", "2-level row header": "Office diastolic BP, mmHg", "column header": "Empagliflozin" },
  { "data_cell": "75 ± 9", "location": { "row_index": 9, "col_index": 5 }, "1-level row header": "Clinical", "2-level row header": "Office diastolic BP, mmHg", "column header": "Combination" },
  { "data_cell": "0.22", "location": { "row_index": 9, "col_index": 6 }, "1-level row header": "Clinical", "2-level row header": "Office diastolic BP, mmHg", "column header": "p value" },

  { "data_cell": "", "location": { "row_index": 10, "col_index": 2 }, "1-level row header": "Clinical", "2-level row header": "Smoking", "column header": "Placebo" },
  { "data_cell": "", "location": { "row_index": 10, "col_index": 3 }, "1-level row header": "Clinical", "2-level row header": "Smoking", "column header": "Semaglutide" },
  { "data_cell": "", "location": { "row_index": 10, "col_index": 4 }, "1-level row header": "Clinical", "2-level row header": "Smoking", "column header": "Empagliflozin" },
  { "data_cell": "", "location": { "row_index": 10, "col_index": 5 }, "1-level row header": "Clinical", "2-level row header": "Smoking", "column header": "Combination" },
  { "data_cell": "0.43", "location": { "row_index": 10, "col_index": 6 }, "1-level row header": "Clinical", "2-level row header": "Smoking", "column header": "p value" },

  { "data_cell": "4 (20)", "location": { "row_index": 11, "col_index": 2 }, "1-level row header": "Clinical", "2-level row header": "Smoking", "3-level row header": "Yes", "column header": "Placebo" },
  { "data_cell": "4 (20)", "location": { "row_index": 11, "col_index": 3 }, "1-level row header": "Clinical", "2-level row header": "Smoking", "3-level row header": "Yes", "column header": "Semaglutide" },
  { "data_cell": "6 (30)", "location": { "row_index": 11, "col_index": 4 }, "1-level row header": "Clinical", "2-level row header": "Smoking", "3-level row header": "Yes", "column header": "Empagliflozin" },
  { "data_cell": "3 (15)", "location": { "row_index": 11, "col_index": 5 }, "1-level row header": "Clinical", "2-level row header": "Smoking", "3-level row header": "Yes", "column header": "Combination" },
  { "data_cell": "–", "location": { "row_index": 11, "col_index": 6 }, "1-level row header": "Clinical", "2-level row header": "Smoking", "3-level row header": "Yes", "column header": "p value" },

  { "data_cell": "9 (45)", "location": { "row_index": 12, "col_index": 2 }, "1-level row header": "Clinical", "2-level row header": "Smoking", "3-level row header": "No", "column header": "Placebo" },
  { "data_cell": "5 (25)", "location": { "row_index": 12, "col_index": 3 }, "1-level row header": "Clinical", "2-level row header": "Smoking", "3-level row header": "No", "column header": "Semaglutide" },
  { "data_cell": "8 (40)", "location": { "row_index": 12, "col_index": 4 }, "1-level row header": "Clinical", "2-level row header": "Smoking", "3-level row header": "No", "column header": "Empagliflozin" },
  { "data_cell": "5 (25)", "location": { "row_index": 12, "col_index": 5 }, "1-level row header": "Clinical", "2-level row header": "Smoking", "3-level row header": "No", "column header": "Combination" },
  { "data_cell": "–", "location": { "row_index": 12, "col_index": 6 }, "1-level row header": "Clinical", "2-level row header": "Smoking", "3-level row header": "No", "column header": "p value" },

  { "data_cell": "7 (35)", "location": { "row_index": 13, "col_index": 2 }, "1-level row header": "Clinical", "2-level row header": "Smoking", "3-level row header": "Former", "column header": "Placebo" },
  { "data_cell": "11 (55)", "location": { "row_index": 13, "col_index": 3 }, "1-level row header": "Clinical", "2-level row header": "Smoking", "3-level row header": "Former", "column header": "Semaglutide" },
  { "data_cell": "6 (30)", "location": { "row_index": 13, "col_index": 4 }, "1-level row header": "Clinical", "2-level row header": "Smoking", "3-level row header": "Former", "column header": "Empagliflozin" },
  { "data_cell": "12 (60)", "location": { "row_index": 13, "col_index": 5 }, "1-level row header": "Clinical", "2-level row header": "Smoking", "3-level row header": "Former", "column header": "Combination" },
  { "data_cell": "–", "location": { "row_index": 13, "col_index": 6 }, "1-level row header": "Clinical", "2-level row header": "Smoking", "3-level row header": "Former", "column header": "p value" },

  { "data_cell": "9 (45)", "location": { "row_index": 14, "col_index": 2 }, "1-level row header": "Clinical", "2-level row header": "History of CVDc", "column header": "Placebo" },
  { "data_cell": "12 (60)", "location": { "row_index": 14, "col_index": 3 }, "1-level row header": "Clinical", "2-level row header": "History of CVDc", "column header": "Semaglutide" },
  { "data_cell": "12 (60)", "location": { "row_index": 14, "col_index": 4 }, "1-level row header": "Clinical", "2-level row header": "History of CVDc", "column header": "Empagliflozin" },
  { "data_cell": "13 (65)", "location": { "row_index": 14, "col_index": 5 }, "1-level row header": "Clinical", "2-level row header": "History of CVDc", "column header": "Combination" },
  { "data_cell": "0.61", "location": { "row_index": 14, "col_index": 6 }, "1-level row header": "Clinical", "2-level row header": "History of CVDc", "column header": "p value" },

  { "data_cell": "4 (20)", "location": { "row_index": 15, "col_index": 2 }, "1-level row header": "Clinical", "2-level row header": "History of CVDc and age <60 years", "column header": "Placebo" },
  { "data_cell": "2 (10)", "location": { "row_index": 15, "col_index": 3 }, "1-level row header": "Clinical", "2-level row header": "History of CVDc and age <60 years", "column header": "Semaglutide" },
  { "data_cell": "1 (5)", "location": { "row_index": 15, "col_index": 4 }, "1-level row header": "Clinical", "2-level row header": "History of CVDc and age <60 years", "column header": "Empagliflozin" },
  { "data_cell": "2 (10)", "location": { "row_index": 15, "col_index": 5 }, "1-level row header": "Clinical", "2-level row header": "History of CVDc and age <60 years", "column header": "Combination" },
  { "data_cell": "–", "location": { "row_index": 15, "col_index": 6 }, "1-level row header": "Clinical", "2-level row header": "History of CVDc and age <60 years", "column header": "p value" },

  { "data_cell": "5 (25)", "location": { "row_index": 16, "col_index": 2 }, "1-level row header": "Clinical", "2-level row header": "History of CVDc and age ≥60 years", "column header": "Placebo" },
  { "data_cell": "10 (50)", "location": { "row_index": 16, "col_index": 3 }, "1-level row header": "Clinical", "2-level row header": "History of CVDc and age ≥60 years", "column header": "Semaglutide" },
  { "data_cell": "11 (55)", "location": { "row_index": 16, "col_index": 4 }, "1-level row header": "Clinical", "2-level row header": "History of CVDc and age ≥60 years", "column header": "Empagliflozin" },
  { "data_cell": "11 (55)", "location": { "row_index": 16, "col_index": 5 }, "1-level row header": "Clinical", "2-level row header": "History of CVDc and age ≥60 years", "column header": "Combination" },
  { "data_cell": "–", "location": { "row_index": 16, "col_index": 6 }, "1-level row header": "Clinical", "2-level row header": "History of CVDc and age ≥60 years", "column header": "p value" },

  { "data_cell": "60 (51–67)", "location": { "row_index": 18, "col_index": 2 }, "1-level row header": "Biochemistry", "2-level row header": "HbA1c, mmol/mol", "column header": "Placebo" },
  { "data_cell": "59 (52–62)", "location": { "row_index": 18, "col_index": 3 }, "1-level row header": "Biochemistry", "2-level row header": "HbA1c, mmol/mol", "column header": "Semaglutide" },
  { "data_cell": "57 (52–60)", "location": { "row_index": 18, "col_index": 4 }, "1-level row header": "Biochemistry", "2-level row header": "HbA1c, mmol/mol", "column header": "Empagliflozin" },
  { "data_cell": "58 (50–74)", "location": { "row_index": 18, "col_index": 5 }, "1-level row header": "Biochemistry", "2-level row header": "HbA1c, mmol/mol", "column header": "Combination" },
  { "data_cell": "0.85", "location": { "row_index": 18, "col_index": 6 }, "1-level row header": "Biochemistry", "2-level row header": "HbA1c, mmol/mol", "column header": "p value" },

  { "data_cell": "7.6 (6.8–8.3)", "location": { "row_index": 19, "col_index": 2 }, "1-level row header": "Biochemistry", "2-level row header": "HbA1c, %", "column header": "Placebo" },
  { "data_cell": "7.5 (6.9–7.8)", "location": { "row_index": 19, "col_index": 3 }, "1-level row header": "Biochemistry", "2-level row header": "HbA1c, %", "column header": "Semaglutide" },
  { "data_cell": "7.4 (6.9–7.6)", "location": { "row_index": 19, "col_index": 4 }, "1-level row header": "Biochemistry", "2-level row header": "HbA1c, %", "column header": "Empagliflozin" },
  { "data_cell": "7.5 (6.7–8.9)", "location": { "row_index": 19, "col_index": 5 }, "1-level row header": "Biochemistry", "2-level row header": "HbA1c, %", "column header": "Combination" },
  { "data_cell": "–", "location": { "row_index": 19, "col_index": 6 }, "1-level row header": "Biochemistry", "2-level row header": "HbA1c, %", "column header": "p value" },

  { "data_cell": "8.7 ± 2.5", "location": { "row_index": 20, "col_index": 2 }, "1-level row header": "Biochemistry", "2-level row header": "Plasma glucose, mmol/l", "column header": "Placebo" },
  { "data_cell": "8.4 ± 3.0", "location": { "row_index": 20, "col_index": 3 }, "1-level row header": "Biochemistry", "2-level row header": "Plasma glucose, mmol/l", "column header": "Semaglutide" },
  { "data_cell": "8.1 ± 2.2", "location": { "row_index": 20, "col_index": 4 }, "1-level row header": "Biochemistry", "2-level row header": "Plasma glucose, mmol/l", "column header": "Empagliflozin" },
  { "data_cell": "9.5 ± 4.6", "location": { "row_index": 20, "col_index": 5 }, "1-level row header": "Biochemistry", "2-level row header": "Plasma glucose, mmol/l", "column header": "Combination" },
  { "data_cell": "0.76", "location": { "row_index": 20, "col_index": 6 }, "1-level row header": "Biochemistry", "2-level row header": "Plasma glucose, mmol/l", "column header": "p value" },

  { "data_cell": "0.46 ± 0.04", "location": { "row_index": 21, "col_index": 2 }, "1-level row header": "Biochemistry", "2-level row header": "Haematocrit, vol%", "column header": "Placebo" },
  { "data_cell": "0.43 ± 0.04", "location": { "row_index": 21, "col_index": 3 }, "1-level row header": "Biochemistry", "2-level row header": "Haematocrit, vol%", "column header": "Semaglutide" },
  { "data_cell": "0.43 ± 0.04", "location": { "row_index": 21, "col_index": 4 }, "1-level row header": "Biochemistry", "2-level row header": "Haematocrit, vol%", "column header": "Empagliflozin" },
  { "data_cell": "0.41 ± 0.05", "location": { "row_index": 21, "col_index": 5 }, "1-level row header": "Biochemistry", "2-level row header": "Haematocrit, vol%", "column header": "Combination" },
  { "data_cell": "0.02", "location": { "row_index": 21, "col_index": 6 }, "1-level row header": "Biochemistry", "2-level row header": "Haematocrit, vol%", "column header": "p value" },

  { "data_cell": "8 (6–11)", "location": { "row_index": 22, "col_index": 2 }, "1-level row header": "Biochemistry", "2-level row header": "P-EPO, U/l", "column header": "Placebo" },
  { "data_cell": "10 (8–15)", "location": { "row_index": 22, "col_index": 3 }, "1-level row header": "Biochemistry", "2-level row header": "P-EPO, U/l", "column header": "Semaglutide" },
  { "data_cell": "10 (7–15)", "location": { "row_index": 22, "col_index": 4 }, "1-level row header": "Biochemistry", "2-level row header": "P-EPO, U/l", "column header": "Empagliflozin" },
  { "data_cell": "11 (9–17)", "location": { "row_index": 22, "col_index": 5 }, "1-level row header": "Biochemistry", "2-level row header": "P-EPO, U/l", "column header": "Combination" },
  { "data_cell": "0.12", "location": { "row_index": 22, "col_index": 6 }, "1-level row header": "Biochemistry", "2-level row header": "P-EPO, U/l", "column header": "p value" },

  { "data_cell": "1.58 (0.57–10.74)", "location": { "row_index": 23, "col_index": 2 }, "1-level row header": "Biochemistry", "2-level row header": "UACR, mg/mmol", "column header": "Placebo" },
  { "data_cell": "2.83 (0.9–9.49)", "location": { "row_index": 23, "col_index": 3 }, "1-level row header": "Biochemistry", "2-level row header": "UACR, mg/mmol", "column header": "Semaglutide" },
  { "data_cell": "1.24 (0.9–2.03)", "location": { "row_index": 23, "col_index": 4 }, "1-level row header": "Biochemistry", "2-level row header": "UACR, mg/mmol", "column header": "Empagliflozin" },
  { "data_cell": "1.81 (0.79–7.23)", "location": { "row_index": 23, "col_index": 5 }, "1-level row header": "Biochemistry", "2-level row header": "UACR, mg/mmol", "column header": "Combination" },
  { "data_cell": "0.76", "location": { "row_index": 23, "col_index": 6 }, "1-level row header": "Biochemistry", "2-level row header": "UACR, mg/mmol", "column header": "p value" },

  { "data_cell": "7 (35)", "location": { "row_index": 24, "col_index": 2 }, "1-level row header": "Biochemistry", "2-level row header": "UACR 3–30 mg/mmol", "column header": "Placebo" },
  { "data_cell": "8 (40)", "location": { "row_index": 24, "col_index": 3 }, "1-level row header": "Biochemistry", "2-level row header": "UACR 3–30 mg/mmol", "column header": "Semaglutide" },
  { "data_cell": "3 (15)", "location": { "row_index": 24, "col_index": 4 }, "1-level row header": "Biochemistry", "2-level row header": "UACR 3–30 mg/mmol", "column header": "Empagliflozin" },
  { "data_cell": "7 (35)", "location": { "row_index": 24, "col_index": 5 }, "1-level row header": "Biochemistry", "2-level row header": "UACR 3–30 mg/mmol", "column header": "Combination" },
  { "data_cell": "–", "location": { "row_index": 24, "col_index": 6 }, "1-level row header": "Biochemistry", "2-level row header": "UACR 3–30 mg/mmol", "column header": "p value" },

  { "data_cell": "2 (10)", "location": { "row_index": 25, "col_index": 2 }, "1-level row header": "Biochemistry", "2-level row header": "UACR >30 mg/mmol", "column header": "Placebo" },
  { "data_cell": "0 (0)", "location": { "row_index": 25, "col_index": 3 }, "1-level row header": "Biochemistry", "2-level row header": "UACR >30 mg/mmol", "column header": "Semaglutide" },
  { "data_cell": "0 (0)", "location": { "row_index": 25, "col_index": 4 }, "1-level row header": "Biochemistry", "2-level row header": "UACR >30 mg/mmol", "column header": "Empagliflozin" },
  { "data_cell": "1 (5)", "location": { "row_index": 25, "col_index": 5 }, "1-level row header": "Biochemistry", "2-level row header": "UACR >30 mg/mmol", "column header": "Combination" },
  { "data_cell": "–", "location": { "row_index": 25, "col_index": 6 }, "1-level row header": "Biochemistry", "2-level row header": "UACR >30 mg/mmol", "column header": "p value" },

  { "data_cell": "91 ± 23a", "location": { "row_index": 26, "col_index": 2 }, "1-level row header": "Biochemistry", "2-level row header": "GFR, ml/min per 1.73 m2", "column header": "Placebo" },
  { "data_cell": "87 ± 21d", "location": { "row_index": 26, "col_index": 3 }, "1-level row header": "Biochemistry", "2-level row header": "GFR, ml/min per 1.73 m2", "column header": "Semaglutide" },
  { "data_cell": "88 ± 18", "location": { "row_index": 26, "col_index": 4 }, "1-level row header": "Biochemistry", "2-level row header": "GFR, ml/min per 1.73 m2", "column header": "Empagliflozin" },
  { "data_cell": "81 ± 26", "location": { "row_index": 26, "col_index": 5 }, "1-level row header": "Biochemistry", "2-level row header": "GFR, ml/min per 1.73 m2", "column header": "Combination" },
  { "data_cell": "0.43", "location": { "row_index": 26, "col_index": 6 }, "1-level row header": "Biochemistry", "2-level row header": "GFR, ml/min per 1.73 m2", "column header": "p value" },

  { "data_cell": "3 (15)", "location": { "row_index": 27, "col_index": 2 }, "1-level row header": "Biochemistry", "2-level row header": "GFR <60 ml/min per 1.73 m2", "column header": "Placebo" },
  { "data_cell": "1 (5)", "location": { "row_index": 27, "col_index": 3 }, "1-level row header": "Biochemistry", "2-level row header": "GFR <60 ml/min per 1.73 m2", "column header": "Semaglutide" },
  { "data_cell": "1 (5)", "location": { "row_index": 27, "col_index": 4 }, "1-level row header": "Biochemistry", "2-level row header": "GFR <60 ml/min per 1.73 m2", "column header": "Empagliflozin" },
  { "data_cell": "5 (25)", "location": { "row_index": 27, "col_index": 5 }, "1-level row header": "Biochemistry", "2-level row header": "GFR <60 ml/min per 1.73 m2", "column header": "Combination" },
  { "data_cell": "–", "location": { "row_index": 27, "col_index": 6 }, "1-level row header": "Biochemistry", "2-level row header": "GFR <60 ml/min per 1.73 m2", "column header": "p value" },

  { "data_cell": "18 (90)", "location": { "row_index": 29, "col_index": 2 }, "1-level row header": "Medication", "2-level row header": "Metformin", "column header": "Placebo" },
  { "data_cell": "17 (85)", "location": { "row_index": 29, "col_index": 3 }, "1-level row header": "Medication", "2-level row header": "Metformin", "column header": "Semaglutide" },
  { "data_cell": "18 (90)", "location": { "row_index": 29, "col_index": 4 }, "1-level row header": "Medication", "2-level row header": "Metformin", "column header": "Empagliflozin" },
  { "data_cell": "20 (100)", "location": { "row_index": 29, "col_index": 5 }, "1-level row header": "Medication", "2-level row header": "Metformin", "column header": "Combination" },
  { "data_cell": "0.40", "location": { "row_index": 29, "col_index": 6 }, "1-level row header": "Medication", "2-level row header": "Metformin", "column header": "p value" },

  { "data_cell": "4 (20)", "location": { "row_index": 30, "col_index": 2 }, "1-level row header": "Medication", "2-level row header": "Insulin therapy", "column header": "Placebo" },
  { "data_cell": "4 (20)", "location": { "row_index": 30, "col_index": 3 }, "1-level row header": "Medication", "2-level row header": "Insulin therapy", "column header": "Semaglutide" },
  { "data_cell": "6 (30)", "location": { "row_index": 30, "col_index": 4 }, "1-level row header": "Medication", "2-level row header": "Insulin therapy", "column header": "Empagliflozin" },
  { "data_cell": "2 (10)", "location": { "row_index": 30, "col_index": 5 }, "1-level row header": "Medication", "2-level row header": "Insulin therapy", "column header": "Combination" },
  { "data_cell": "0.47", "location": { "row_index": 30, "col_index": 6 }, "1-level row header": "Medication", "2-level row header": "Insulin therapy", "column header": "p value" },

  { "data_cell": "16 (80)", "location": { "row_index": 31, "col_index": 2 }, "1-level row header": "Medication", "2-level row header": "Renin–angiotensin–aldosterone system blocker", "column header": "Placebo" },
  { "data_cell": "15 (75)", "location": { "row_index": 31, "col_index": 3 }, "1-level row header": "Medication", "2-level row header": "Renin–angiotensin–aldosterone system blocker", "column header": "Semaglutide" },
  { "data_cell": "14 (70)", "location": { "row_index": 31, "col_index": 4 }, "1-level row header": "Medication", "2-level row header": "Renin–angiotensin–aldosterone system blocker", "column header": "Empagliflozin" },
  { "data_cell": "18 (90)", "location": { "row_index": 31, "col_index": 5 }, "1-level row header": "Medication", "2-level row header": "Renin–angiotensin–aldosterone system blocker", "column header": "Combination" },
  { "data_cell": "0.45", "location": { "row_index": 31, "col_index": 6 }, "1-level row header": "Medication", "2-level row header": "Renin–angiotensin–aldosterone system blocker", "column header": "p value" },

  { "data_cell": "11 (55)", "location": { "row_index": 32, "col_index": 2 }, "1-level row header": "Medication", "2-level row header": "Calcium antagonist", "column header": "Placebo" },
  { "data_cell": "9 (45)", "location": { "row_index": 32, "col_index": 3 }, "1-level row header": "Medication", "2-level row header": "Calcium antagonist", "column header": "Semaglutide" },
  { "data_cell": "9 (45)", "location": { "row_index": 32, "col_index": 4 }, "1-level row header": "Medication", "2-level row header": "Calcium antagonist", "column header": "Empagliflozin" },
  { "data_cell": "7 (35)", "location": { "row_index": 32, "col_index": 5 }, "1-level row header": "Medication", "2-level row header": "Calcium antagonist", "column header": "Combination" },
  { "data_cell": "0.66", "location": { "row_index": 32, "col_index": 6 }, "1-level row header": "Medication", "2-level row header": "Calcium antagonist", "column header": "p value" },

  { "data_cell": "4 (20)", "location": { "row_index": 33, "col_index": 2 }, "1-level row header": "Medication", "2-level row header": "β-blocker", "column header": "Placebo" },
  { "data_cell": "12 (60)", "location": { "row_index": 33, "col_index": 3 }, "1-level row header": "Medication", "2-level row header": "β-blocker", "column header": "Semaglutide" },
  { "data_cell": "6 (30)", "location": { "row_index": 33, "col_index": 4 }, "1-level row header": "Medication", "2-level row header": "β-blocker", "column header": "Empagliflozin" },
  { "data_cell": "9 (45)", "location": { "row_index": 33, "col_index": 5 }, "1-level row header": "Medication", "2-level row header": "β-blocker", "column header": "Combination" },
  { "data_cell": "0.05", "location": { "row_index": 33, "col_index": 6 }, "1-level row header": "Medication", "2-level row header": "β-blocker", "column header": "p value" },

  { "data_cell": "8 (40)", "location": { "row_index": 34, "col_index": 2 }, "1-level row header": "Medication", "2-level row header": "Thiazide/loop diuretics", "column header": "Placebo" },
  { "data_cell": "8 (40)", "location": { "row_index": 34, "col_index": 3 }, "1-level row header": "Medication", "2-level row header": "Thiazide/loop diuretics", "column header": "Semaglutide" },
  { "data_cell": "10 (50)", "location": { "row_index": 34, "col_index": 4 }, "1-level row header": "Medication", "2-level row header": "Thiazide/loop diuretics", "column header": "Empagliflozin" },
  { "data_cell": "4 (20)", "location": { "row_index": 34, "col_index": 5 }, "1-level row header": "Medication", "2-level row header": "Thiazide/loop diuretics", "column header": "Combination" },
  { "data_cell": "0.25", "location": { "row_index": 34, "col_index": 6 }, "1-level row header": "Medication", "2-level row header": "Thiazide/loop diuretics", "column header": "p value" },

  { "data_cell": "18 (90)", "location": { "row_index": 35, "col_index": 2 }, "1-level row header": "Medication", "2-level row header": "Statin", "column header": "Placebo" },
  { "data_cell": "18 (90)", "location": { "row_index": 35, "col_index": 3 }, "1-level row header": "Medication", "2-level row header": "Statin", "column header": "Semaglutide" },
  { "data_cell": "15 (75)", "location": { "row_index": 35, "col_index": 4 }, "1-level row header": "Medication", "2-level row header": "Statin", "column header": "Empagliflozin" },
  { "data_cell": "20 (100)", "location": { "row_index": 35, "col_index": 5 }, "1-level row header": "Medication", "2-level row header": "Statin", "column header": "Combination" },
  { "data_cell": "0.09", "location": { "row_index": 35, "col_index": 6 }, "1-level row header": "Medication", "2-level row header": "Statin", "column header": "p value" }
]
