[
  {
    "row_header": "Age, y",
    "column_header": {
      "study": "AMPLITUDE-D",
      "treatment": "Efpeglenatide 4 mg (N = 303)"
    },
    "value": "60.3 ± 9.6"
  },
  {
    "row_header": "Age, y",
    "column_header": {
      "study": "AMPLITUDE-D",
      "treatment": "Efpeglenatide 6 mg (N = 302)"
    },
    "value": "60.0 ± 10.1"
  },
  {
    "row_header": "Age, y",
    "column_header": {
      "study": "AMPLITUDE-D",
      "treatment": "Dulaglutide 1.5 mg (N = 303)"
    },
    "value": "59.4 ± 10.1"
  },
  {
    "row_header": "Male, n (%)",
    "column_header": {
      "study": "AMPLITUDE-D",
      "treatment": "Efpeglenatide 4 mg (N = 303)"
    },
    "value": "161 (53.1)"
  },
  {
    "row_header": "Race → White",
    "column_header": {
      "study": "AMPLITUDE-S",
      "treatment": "Placebo (N = 79)"
    },
    "value": "42 (53.2)"
  }
]
