[
  {
    "Row Header": "Male, n (%)",
    "Column Header": "FDC of MSP (N = 118)",
    "Value": "62 (52.5%)"
  },
  {
    "Row Header": "Male, n (%)",
    "Column Header": "MS (N = 118)",
    "Value": "63 (53.4%)"
  },
  {
    "Row Header": "Male, n (%)",
    "Column Header": "P value",
    "Value": "0.43"
  },
  {
    "Row Header": "Female, n (%)",
    "Column Header": "FDC of MSP (N = 118)",
    "Value": "56 (47.5%)"
  },
  {
    "Row Header": "Female, n (%)",
    "Column Header": "MS (N = 118)",
    "Value": "55 (46.6%)"
  },
  {
    "Row Header": "Female, n (%)",
    "Column Header": "P value",
    "Value": "0.37"
  },
  {
    "Row Header": "Age, years, mean (SD)",
    "Column Header": "FDC of MSP (N = 118)",
    "Value": "51.7 (8.01)"
  },
  {
    "Row Header": "Age, years, mean (SD)",
    "Column Header": "MS (N = 118)",
    "Value": "49.6 (9.54)"
  },
  {
    "Row Header": "Age, years, mean (SD)",
    "Column Header": "P value",
    "Value": "0.0787"
  },
  {
    "Row Header": "Weight, kg, mean (SD)",
    "Column Header": "FDC of MSP (N = 118)",
    "Value": "67.1 (12.87)"
  },
  {
    "Row Header": "Weight, kg, mean (SD)",
    "Column Header": "MS (N = 118)",
    "Value": "65.5 (10.94)"
  },
  {
    "Row Header": "Weight, kg, mean (SD)",
    "Column Header": "P value",
    "Value": "0.3074"
  },
  {
    "Row Header": "Height, cm, mean (SD)",
    "Column Header": "FDC of MSP (N = 118)",
    "Value": "162.8 (8.23)"
  },
  {
    "Row Header": "Height, cm, mean (SD)",
    "Column Header": "MS (N = 118)",
    "Value": "161.5 (7.79)"
  },
  {
    "Row Header": "Height, cm, mean (SD)",
    "Column Header": "P value",
    "Value": "0.2081"
  },
  {
    "Row Header": "BMI, kg/m2, mean (SD)",
    "Column Header": "FDC of MSP (N = 118)",
    "Value": "25.2 (3.81)"
  },
  {
    "Row Header": "BMI, kg/m2, mean (SD)",
    "Column Header": "MS (N = 118)",
    "Value": "25.1 (3.55)"
  },
  {
    "Row Header": "BMI, kg/m2, mean (SD)",
    "Column Header": "P value",
    "Value": "0.772"
  },
  {
    "Row Header": "Waist circumference, inches, mean (SD)",
    "Column Header": "FDC of MSP (N = 118)",
    "Value": "36.8 (3.62)"
  },
  {
    "Row Header": "Waist circumference, inches, mean (SD)",
    "Column Header": "MS (N = 118)",
    "Value": "36.2 (3.68)"
  },
  {
    "Row Header": "Waist circumference, inches, mean (SD)",
    "Column Header": "P value",
    "Value": "0.2106"
  },
  {
    "Row Header": "Waist-to-hip ratio, mean (SD)",
    "Column Header": "FDC of MSP (N = 118)",
    "Value": "0.9 (0.07)"
  },
  {
    "Row Header": "Waist-to-hip ratio, mean (SD)",
    "Column Header": "MS (N = 118)",
    "Value": "0.9 (0.10)"
  },
  {
    "Row Header": "Waist-to-hip ratio, mean (SD)",
    "Column Header": "P value",
    "Value": "0.3733"
  },
  {
    "Row Header": "HbA1C, %, mean (SD)",
    "Column Header": "FDC of MSP (N = 118)",
    "Value": "9.21 (0.78)"
  },
  {
    "Row Header": "HbA1C, %, mean (SD)",
    "Column Header": "MS (N = 118)",
    "Value": "9.25 (0.78)"
  },
  {
    "Row Header": "HbA1C, %, mean (SD)",
    "Column Header": "P value",
    "Value": "0.7181"
  },
  {
    "Row Header": "Duration of diabetes, months, mean (SD), range",
    "Column Header": "FDC of MSP (N = 118)",
    "Value": "41.1 (33.47), 2–169.4"
  },
  {
    "Row Header": "Duration of diabetes, months, mean (SD), range",
    "Column Header": "MS (N = 118)",
    "Value": "36.5 (42.86), 1.5–360.6"
  },
  {
    "Row Header": "Duration of diabetes, months, mean (SD), range",
    "Column Header": "P value",
    "Value": "0.3524"
  }
]
