[
  {
    "cell": { "value": "62 (52.5%)", "confidence": 0.99 },
    "location": { "row_index": 2, "column_index": 2, "confidence": 0.99 },
    "row header": { "value": "Male, n (%)", "confidence": 0.99 },
    "column header": { "value": "FDC of MSP (N = 118)", "confidence": 0.99 }
  },
  {
    "cell": { "value": "63 (53.4%)", "confidence": 0.99 },
    "location": { "row_index": 2, "column_index": 3, "confidence": 0.99 },
    "row header": { "value": "Male, n (%)", "confidence": 0.99 },
    "column header": { "value": "MS (N = 118)", "confidence": 0.99 }
  },
  {
    "cell": { "value": "0.43", "confidence": 0.99 },
    "location": { "row_index": 2, "column_index": 4, "confidence": 0.99 },
    "row header": { "value": "Male, n (%)", "confidence": 0.99 },
    "column header": { "value": "P value", "confidence": 0.99 }
  },
  {
    "cell": { "value": "56 (47.5%)", "confidence": 0.99 },
    "location": { "row_index": 3, "column_index": 2, "confidence": 0.99 },
    "row header": { "value": "Female, n (%)", "confidence": 0.99 },
    "column header": { "value": "FDC of MSP (N = 118)", "confidence": 0.99 }
  },
  {
    "cell": { "value": "55 (46.6%)", "confidence": 0.99 },
    "location": { "row_index": 3, "column_index": 3, "confidence": 0.99 },
    "row header": { "value": "Female, n (%)", "confidence": 0.99 },
    "column header": { "value": "MS (N = 118)", "confidence": 0.99 }
  },
  {
    "cell": { "value": "0.37", "confidence": 0.99 },
    "location": { "row_index": 3, "column_index": 4, "confidence": 0.99 },
    "row header": { "value": "Female, n (%)", "confidence": 0.99 },
    "column header": { "value": "P value", "confidence": 0.99 }
  },
  {
    "cell": { "value": "51.7 (8.01)", "confidence": 0.99 },
    "location": { "row_index": 4, "column_index": 2, "confidence": 0.99 },
    "row header": { "value": "Age, years, mean (SD)", "confidence": 0.99 },
    "column header": { "value": "FDC of MSP (N = 118)", "confidence": 0.99 }
  },
  {
    "cell": { "value": "49.6 (9.54)", "confidence": 0.99 },
    "location": { "row_index": 4, "column_index": 3, "confidence": 0.99 },
    "row header": { "value": "Age, years, mean (SD)", "confidence": 0.99 },
    "column header": { "value": "MS (N = 118)", "confidence": 0.99 }
  },
  {
    "cell": { "value": "0.0787", "confidence": 0.99 },
    "location": { "row_index": 4, "column_index": 4, "confidence": 0.99 },
    "row header": { "value": "Age, years, mean (SD)", "confidence": 0.99 },
    "column header": { "value": "P value", "confidence": 0.99 }
  },
  {
    "cell": { "value": "67.1 (12.87)", "confidence": 0.99 },
    "location": { "row_index": 5, "column_index": 2, "confidence": 0.99 },
    "row header": { "value": "Weight, kg, mean (SD)", "confidence": 0.99 },
    "column header": { "value": "FDC of MSP (N = 118)", "confidence": 0.99 }
  },
  {
    "cell": { "value": "65.5 (10.94)", "confidence": 0.99 },
    "location": { "row_index": 5, "column_index": 3, "confidence": 0.99 },
    "row header": { "value": "Weight, kg, mean (SD)", "confidence": 0.99 },
    "column header": { "value": "MS (N = 118)", "confidence": 0.99 }
  },
  {
    "cell": { "value": "0.3074", "confidence": 0.99 },
    "location": { "row_index": 5, "column_index": 4, "confidence": 0.99 },
    "row header": { "value": "Weight, kg, mean (SD)", "confidence": 0.99 },
    "column header": { "value": "P value", "confidence": 0.99 }
  },
  {
    "cell": { "value": "162.8 (8.23)", "confidence": 0.99 },
    "location": { "row_index": 6, "column_index": 2, "confidence": 0.99 },
    "row header": { "value": "Height, cm, mean (SD)", "confidence": 0.99 },
    "column header": { "value": "FDC of MSP (N = 118)", "confidence": 0.99 }
  },
  {
    "cell": { "value": "161.5 (7.79)", "confidence": 0.99 },
    "location": { "row_index": 6, "column_index": 3, "confidence": 0.99 },
    "row header": { "value": "Height, cm, mean (SD)", "confidence": 0.99 },
    "column header": { "value": "MS (N = 118)", "confidence": 0.99 }
  },
  {
    "cell": { "value": "0.2081", "confidence": 0.99 },
    "location": { "row_index": 6, "column_index": 4, "confidence": 0.99 },
    "row header": { "value": "Height, cm, mean (SD)", "confidence": 0.99 },
    "column header": { "value": "P value", "confidence": 0.99 }
  },
  {
    "cell": { "value": "25.2 (3.81)", "confidence": 0.99 },
    "location": { "row_index": 7, "column_index": 2, "confidence": 0.99 },
    "row header": { "value": "BMI, kg/m2, mean (SD)", "confidence": 0.99 },
    "column header": { "value": "FDC of MSP (N = 118)", "confidence": 0.99 }
  },
  {
    "cell": { "value": "25.1 (3.55)", "confidence": 0.99 },
    "location": { "row_index": 7, "column_index": 3, "confidence": 0.99 },
    "row header": { "value": "BMI, kg/m2, mean (SD)", "confidence": 0.99 },
    "column header": { "value": "MS (N = 118)", "confidence": 0.99 }
  },
  {
    "cell": { "value": "0.772", "confidence": 0.99 },
    "location": { "row_index": 7, "column_index": 4, "confidence": 0.99 },
    "row header": { "value": "BMI, kg/m2, mean (SD)", "confidence": 0.99 },
    "column header": { "value": "P value", "confidence": 0.99 }
  },
  {
    "cell": { "value": "36.8 (3.62)", "confidence": 0.99 },
    "location": { "row_index": 8, "column_index": 2, "confidence": 0.99 },
    "row header": { "value": "Waist circumference, inches, mean (SD)", "confidence": 0.99 },
    "column header": { "value": "FDC of MSP (N = 118)", "confidence": 0.99 }
  },
  {
    "cell": { "value": "36.2 (3.68)", "confidence": 0.99 },
    "location": { "row_index": 8, "column_index": 3, "confidence": 0.99 },
    "row header": { "value": "Waist circumference, inches, mean (SD)", "confidence": 0.99 },
    "column header": { "value": "MS (N = 118)", "confidence": 0.99 }
  },
  {
    "cell": { "value": "0.2106", "confidence": 0.99 },
    "location": { "row_index": 8, "column_index": 4, "confidence": 0.99 },
    "row header": { "value": "Waist circumference, inches, mean (SD)", "confidence": 0.99 },
    "column header": { "value": "P value", "confidence": 0.99 }
  },
  {
    "cell": { "value": "0.9 (0.07)", "confidence": 0.99 },
    "location": { "row_index": 9, "column_index": 2, "confidence": 0.99 },
    "row header": { "value": "Waist-to-hip ratio, mean (SD)", "confidence": 0.99 },
    "column header": { "value": "FDC of MSP (N = 118)", "confidence": 0.99 }
  },
  {
    "cell": { "value": "0.9 (0.10)", "confidence": 0.99 },
    "location": { "row_index": 9, "column_index": 3, "confidence": 0.99 },
    "row header": { "value": "Waist-to-hip ratio, mean (SD)", "confidence": 0.99 },
    "column header": { "value": "MS (N = 118)", "confidence": 0.99 }
  },
  {
    "cell": { "value": "0.3733", "confidence": 0.99 },
    "location": { "row_index": 9, "column_index": 4, "confidence": 0.99 },
    "row header": { "value": "Waist-to-hip ratio, mean (SD)", "confidence": 0.99 },
    "column header": { "value": "P value", "confidence": 0.99 }
  },
  {
    "cell": { "value": "9.21 (0.78)", "confidence": 0.99 },
    "location": { "row_index": 10, "column_index": 2, "confidence": 0.99 },
    "row header": { "value": "HbA1C, %, mean (SD)", "confidence": 0.99 },
    "column header": { "value": "FDC of MSP (N = 118)", "confidence": 0.99 }
  },
  {
    "cell": { "value": "9.25 (0.78)", "confidence": 0.99 },
    "location": { "row_index": 10, "column_index": 3, "confidence": 0.99 },
    "row header": { "value": "HbA1C, %, mean (SD)", "confidence": 0.99 },
    "column header": { "value": "MS (N = 118)", "confidence": 0.99 }
  },
  {
    "cell": { "value": "0.7181", "confidence": 0.99 },
    "location": { "row_index": 10, "column_index": 4, "confidence": 0.99 },
    "row header": { "value": "HbA1C, %, mean (SD)", "confidence": 0.99 },
    "column header": { "value": "P value", "confidence": 0.99 }
  },
  {
    "cell": { "value": "41.1 (33.47), 2–169.4", "confidence": 0.99 },
    "location": { "row_index": 11, "column_index": 2, "confidence": 0.99 },
    "row header": { "value": "Duration of diabetes, months, mean (SD), range", "confidence": 0.99 },
    "column header": { "value": "FDC of MSP (N = 118)", "confidence": 0.99 }
  },
  {
    "cell": { "value": "36.5 (42.86), 1.5–360.6", "confidence": 0.99 },
    "location": { "row_index": 11, "column_index": 3, "confidence": 0.99 },
    "row header": { "value": "Duration of diabetes, months, mean (SD), range", "confidence": 0.99 },
    "column header": { "value": "MS (N = 118)", "confidence": 0.99 }
  },
  {
    "cell": { "value": "0.3524", "confidence": 0.99 },
    "location": { "row_index": 11, "column_index": 4, "confidence": 0.99 },
    "row header": { "value": "Duration of diabetes, months, mean (SD), range", "confidence": 0.99 },
    "column header": { "value": "P value", "confidence": 0.99 }
  }
]