[
  {"location":{"row_index":2,"col_index":1},"data":{"value":"20","confidence":0.99},"column header":{"value":"Placebo","confidence":0.99},"1-level row header":{"value":"Clinical","confidence":0.98},"2-level row header":{"value":"No. of participants","confidence":0.97}},
  {"location":{"row_index":2,"col_index":2},"data":{"value":"20","confidence":0.99},"column header":{"value":"Semaglutide","confidence":0.99},"1-level row header":{"value":"Clinical","confidence":0.98},"2-level row header":{"value":"No. of participants","confidence":0.97}},
  {"location":{"row_index":2,"col_index":3},"data":{"value":"20","confidence":0.99},"column header":{"value":"Empagliflozin","confidence":0.99},"1-level row header":{"value":"Clinical","confidence":0.98},"2-level row header":{"value":"No. of participants","confidence":0.97}},
  {"location":{"row_index":2,"col_index":4},"data":{"value":"20","confidence":0.99},"column header":{"value":"Combination","confidence":0.99},"1-level row header":{"value":"Clinical","confidence":0.98},"2-level row header":{"value":"No. of participants","confidence":0.97}},
  {"location":{"row_index":2,"col_index":5},"data":{"value":"–","confidence":0.95},"column header":{"value":"p value","confidence":0.99},"1-level row header":{"value":"Clinical","confidence":0.98},"2-level row header":{"value":"No. of participants","confidence":0.97}},

  {"location":{"row_index":3,"col_index":1},"data":{"value":"64.6 ± 6.1","confidence":0.99},"column header":{"value":"Placebo","confidence":0.99},"1-level row header":{"value":"Clinical","confidence":0.98},"2-level row header":{"value":"Age, years","confidence":0.97}},
  {"location":{"row_index":3,"col_index":2},"data":{"value":"70.1 ± 6.8","confidence":0.99},"column header":{"value":"Semaglutide","confidence":0.99},"1-level row header":{"value":"Clinical","confidence":0.98},"2-level row header":{"value":"Age, years","confidence":0.97}},
  {"location":{"row_index":3,"col_index":3},"data":{"value":"69.6 ± 6.0","confidence":0.99},"column header":{"value":"Empagliflozin","confidence":0.99},"1-level row header":{"value":"Clinical","confidence":0.98},"2-level row header":{"value":"Age, years","confidence":0.97}},
  {"location":{"row_index":3,"col_index":4},"data":{"value":"67.9 ± 6.2","confidence":0.99},"column header":{"value":"Combination","confidence":0.99},"1-level row header":{"value":"Clinical","confidence":0.98},"2-level row header":{"value":"Age, years","confidence":0.97}},
  {"location":{"row_index":3,"col_index":5},"data":{"value":"0.03","confidence":0.99},"column header":{"value":"p value","confidence":0.99},"1-level row header":{"value":"Clinical","confidence":0.98},"2-level row header":{"value":"Age, years","confidence":0.97}},

  {"location":{"row_index":4,"col_index":1},"data":{"value":"14 (70)","confidence":0.99},"column header":{"value":"Placebo","confidence":0.99},"1-level row header":{"value":"Clinical","confidence":0.98},"2-level row header":{"value":"Male sex","confidence":0.97}},
  {"location":{"row_index":4,"col_index":2},"data":{"value":"17 (85)","confidence":0.99},"column header":{"value":"Semaglutide","confidence":0.99},"1-level row header":{"value":"Clinical","confidence":0.98},"2-level row header":{"value":"Male sex","confidence":0.97}},
  {"location":{"row_index":4,"col_index":3},"data":{"value":"13 (65)","confidence":0.99},"column header":{"value":"Empagliflozin","confidence":0.99},"1-level row header":{"value":"Clinical","confidence":0.98},"2-level row header":{"value":"Male sex","confidence":0.97}},
  {"location":{"row_index":4,"col_index":4},"data":{"value":"17 (85)","confidence":0.99},"column header":{"value":"Combination","confidence":0.99},"1-level row header":{"value":"Clinical","confidence":0.98},"2-level row header":{"value":"Male sex","confidence":0.97}},
  {"location":{"row_index":4,"col_index":5},"data":{"value":"0.32","confidence":0.99},"column header":{"value":"p value","confidence":0.99},"1-level row header":{"value":"Clinical","confidence":0.98},"2-level row header":{"value":"Male sex","confidence":0.97}},

  {"location":{"row_index":5,"col_index":1},"data":{"value":"33 ± 6","confidence":0.99},"column header":{"value":"Placebo","confidence":0.99},"1-level row header":{"value":"Clinical","confidence":0.98},"2-level row header":{"value":"BMI, kg/m2","confidence":0.97}},
  {"location":{"row_index":5,"col_index":2},"data":{"value":"32 ± 5","confidence":0.99},"column header":{"value":"Semaglutide","confidence":0.99},"1-level row header":{"value":"Clinical","confidence":0.98},"2-level row header":{"value":"BMI, kg/m2","confidence":0.97}},
  {"location":{"row_index":5,"col_index":3},"data":{"value":"33 ± 6","confidence":0.99},"column header":{"value":"Empagliflozin","confidence":0.99},"1-level row header":{"value":"Clinical","confidence":0.98},"2-level row header":{"value":"BMI, kg/m2","confidence":0.97}},
  {"location":{"row_index":5,"col_index":4},"data":{"value":"31 ± 5","confidence":0.99},"column header":{"value":"Combination","confidence":0.99},"1-level row header":{"value":"Clinical","confidence":0.98},"2-level row header":{"value":"BMI, kg/m2","confidence":0.97}},
  {"location":{"row_index":5,"col_index":5},"data":{"value":"0.38","confidence":0.99},"column header":{"value":"p value","confidence":0.99},"1-level row header":{"value":"Clinical","confidence":0.98},"2-level row header":{"value":"BMI, kg/m2","confidence":0.97}},

  {"location":{"row_index":6,"col_index":1},"data":{"value":"8.0 (4.0–10.0)","confidence":0.99},"column header":{"value":"Placebo","confidence":0.99},"1-level row header":{"value":"Clinical","confidence":0.98},"2-level row header":{"value":"Duration of diabetes, years","confidence":0.97}},
  {"location":{"row_index":6,"col_index":2},"data":{"value":"8.5 (3.5–16.0)","confidence":0.99},"column header":{"value":"Semaglutide","confidence":0.99},"1-level row header":{"value":"Clinical","confidence":0.98},"2-level row header":{"value":"Duration of diabetes, years","confidence":0.97}},
  {"location":{"row_index":6,"col_index":3},"data":{"value":"10.0 (5.0–18.5)","confidence":0.99},"column header":{"value":"Empagliflozin","confidence":0.99},"1-level row header":{"value":"Clinical","confidence":0.98},"2-level row header":{"value":"Duration of diabetes, years","confidence":0.97}},
  {"location":{"row_index":6,"col_index":4},"data":{"value":"6.0 (2.3–12.0)","confidence":0.99},"column header":{"value":"Combination","confidence":0.99},"1-level row header":{"value":"Clinical","confidence":0.98},"2-level row header":{"value":"Duration of diabetes, years","confidence":0.97}},
  {"location":{"row_index":6,"col_index":5},"data":{"value":"0.46","confidence":0.99},"column header":{"value":"p value","confidence":0.99},"1-level row header":{"value":"Clinical","confidence":0.98},"2-level row header":{"value":"Duration of diabetes, years","confidence":0.97}},

  {"location":{"row_index":7,"col_index":1},"data":{"value":"139 ± 13a","confidence":0.99},"column header":{"value":"Placebo","confidence":0.99},"1-level row header":{"value":"Clinical","confidence":0.98},"2-level row header":{"value":"Office systolic BP, mmHg","confidence":0.97}},
  {"location":{"row_index":7,"col_index":2},"data":{"value":"131 ± 17b","confidence":0.99},"column header":{"value":"Semaglutide","confidence":0.99},"1-level row header":{"value":"Clinical","confidence":0.98},"2-level row header":{"value":"Office systolic BP, mmHg","confidence":0.97}},
  {"location":{"row_index":7,"col_index":3},"data":{"value":"139 ± 15a","confidence":0.99},"column header":{"value":"Empagliflozin","confidence":0.99},"1-level row header":{"value":"Clinical","confidence":0.98},"2-level row header":{"value":"Office systolic BP, mmHg","confidence":0.97}},
  {"location":{"row_index":7,"col_index":4},"data":{"value":"136 ± 14","confidence":0.99},"column header":{"value":"Combination","confidence":0.99},"1-level row header":{"value":"Clinical","confidence":0.98},"2-level row header":{"value":"Office systolic BP, mmHg","confidence":0.97}},
  {"location":{"row_index":7,"col_index":5},"data":{"value":"0.33","confidence":0.99},"column header":{"value":"p value","confidence":0.99},"1-level row header":{"value":"Clinical","confidence":0.98},"2-level row header":{"value":"Office systolic BP, mmHg","confidence":0.97}},

  {"location":{"row_index":8,"col_index":1},"data":{"value":"78 ± 10a","confidence":0.99},"column header":{"value":"Placebo","confidence":0.99},"1-level row header":{"value":"Clinical","confidence":0.98},"2-level row header":{"value":"Office diastolic BP, mmHg","confidence":0.97}},
  {"location":{"row_index":8,"col_index":2},"data":{"value":"73 ± 8b","confidence":0.99},"column header":{"value":"Semaglutide","confidence":0.99},"1-level row header":{"value":"Clinical","confidence":0.98},"2-level row header":{"value":"Office diastolic BP, mmHg","confidence":0.97}},
  {"location":{"row_index":8,"col_index":3},"data":{"value":"77 ± 6a","confidence":0.99},"column header":{"value":"Empagliflozin","confidence":0.99},"1-level row header":{"value":"Clinical","confidence":0.98},"2-level row header":{"value":"Office diastolic BP, mmHg","confidence":0.97}},
  {"location":{"row_index":8,"col_index":4},"data":{"value":"75 ± 9","confidence":0.99},"column header":{"value":"Combination","confidence":0.99},"1-level row header":{"value":"Clinical","confidence":0.98},"2-level row header":{"value":"Office diastolic BP, mmHg","confidence":0.97}},
  {"location":{"row_index":8,"col_index":5},"data":{"value":"0.22","confidence":0.99},"column header":{"value":"p value","confidence":0.99},"1-level row header":{"value":"Clinical","confidence":0.98},"2-level row header":{"value":"Office diastolic BP, mmHg","confidence":0.97}},

  {"location":{"row_index":9,"col_index":5},"data":{"value":"0.43","confidence":0.99},"column header":{"value":"p value","confidence":0.99},"1-level row header":{"value":"Clinical","confidence":0.98},"2-level row header":{"value":"Smoking","confidence":0.97}},

  {"location":{"row_index":10,"col_index":1},"data":{"value":"4 (20)","confidence":0.99},"column header":{"value":"Placebo","confidence":0.99},"1-level row header":{"value":"Clinical","confidence":0.98},"2-level row header":{"value":"Smoking","confidence":0.97},"3-level row header":{"value":"Yes","confidence":0.95}},
  {"location":{"row_index":10,"col_index":2},"data":{"value":"4 (20)","confidence":0.99},"column header":{"value":"Semaglutide","confidence":0.99},"1-level row header":{"value":"Clinical","confidence":0.98},"2-level row header":{"value":"Smoking","confidence":0.97},"3-level row header":{"value":"Yes","confidence":0.95}},
  {"location":{"row_index":10,"col_index":3},"data":{"value":"6 (30)","confidence":0.99},"column header":{"value":"Empagliflozin","confidence":0.99},"1-level row header":{"value":"Clinical","confidence":0.98},"2-level row header":{"value":"Smoking","confidence":0.97},"3-level row header":{"value":"Yes","confidence":0.95}},
  {"location":{"row_index":10,"col_index":4},"data":{"value":"3 (15)","confidence":0.99},"column header":{"value":"Combination","confidence":0.99},"1-level row header":{"value":"Clinical","confidence":0.98},"2-level row header":{"value":"Smoking","confidence":0.97},"3-level row header":{"value":"Yes","confidence":0.95}},
  {"location":{"row_index":10,"col_index":5},"data":{"value":"–","confidence":0.95},"column header":{"value":"p value","confidence":0.99},"1-level row header":{"value":"Clinical","confidence":0.98},"2-level row header":{"value":"Smoking","confidence":0.97},"3-level row header":{"value":"Yes","confidence":0.95}},

  {"location":{"row_index":11,"col_index":1},"data":{"value":"9 (45)","confidence":0.99},"column header":{"value":"Placebo","confidence":0.99},"1-level row header":{"value":"Clinical","confidence":0.98},"2-level row header":{"value":"Smoking","confidence":0.97},"3-level row header":{"value":"No","confidence":0.95}},
  {"location":{"row_index":11,"col_index":2},"data":{"value":"5 (25)","confidence":0.99},"column header":{"value":"Semaglutide","confidence":0.99},"1-level row header":{"value":"Clinical","confidence":0.98},"2-level row header":{"value":"Smoking","confidence":0.97},"3-level row header":{"value":"No","confidence":0.95}},
  {"location":{"row_index":11,"col_index":3},"data":{"value":"8 (40)","confidence":0.99},"column header":{"value":"Empagliflozin","confidence":0.99},"1-level row header":{"value":"Clinical","confidence":0.98},"2-level row header":{"value":"Smoking","confidence":0.97},"3-level row header":{"value":"No","confidence":0.95}},
  {"location":{"row_index":11,"col_index":4},"data":{"value":"5 (25)","confidence":0.99},"column header":{"value":"Combination","confidence":0.99},"1-level row header":{"value":"Clinical","confidence":0.98},"2-level row header":{"value":"Smoking","confidence":0.97},"3-level row header":{"value":"No","confidence":0.95}},
  {"location":{"row_index":11,"col_index":5},"data":{"value":"–","confidence":0.95},"column header":{"value":"p value","confidence":0.99},"1-level row header":{"value":"Clinical","confidence":0.98},"2-level row header":{"value":"Smoking","confidence":0.97},"3-level row header":{"value":"No","confidence":0.95}},

  {"location":{"row_index":12,"col_index":1},"data":{"value":"7 (35)","confidence":0.99},"column header":{"value":"Placebo","confidence":0.99},"1-level row header":{"value":"Clinical","confidence":0.98},"2-level row header":{"value":"Smoking","confidence":0.97},"3-level row header":{"value":"Former","confidence":0.95}},
  {"location":{"row_index":12,"col_index":2},"data":{"value":"11 (55)","confidence":0.99},"column header":{"value":"Semaglutide","confidence":0.99},"1-level row header":{"value":"Clinical","confidence":0.98},"2-level row header":{"value":"Smoking","confidence":0.97},"3-level row header":{"value":"Former","confidence":0.95}},
  {"location":{"row_index":12,"col_index":3},"data":{"value":"6 (30)","confidence":0.99},"column header":{"value":"Empagliflozin","confidence":0.99},"1-level row header":{"value":"Clinical","confidence":0.98},"2-level row header":{"value":"Smoking","confidence":0.97},"3-level row header":{"value":"Former","confidence":0.95}},
  {"location":{"row_index":12,"col_index":4},"data":{"value":"12 (60)","confidence":0.99},"column header":{"value":"Combination","confidence":0.99},"1-level row header":{"value":"Clinical","confidence":0.98},"2-level row header":{"value":"Smoking","confidence":0.97},"3-level row header":{"value":"Former","confidence":0.95}},
  {"location":{"row_index":12,"col_index":5},"data":{"value":"–","confidence":0.95},"column header":{"value":"p value","confidence":0.99},"1-level row header":{"value":"Clinical","confidence":0.98},"2-level row header":{"value":"Smoking","confidence":0.97},"3-level row header":{"value":"Former","confidence":0.95}},

  {"location":{"row_index":13,"col_index":1},"data":{"value":"9 (45)","confidence":0.99},"column header":{"value":"Placebo","confidence":0.99},"1-level row header":{"value":"Clinical","confidence":0.98},"2-level row header":{"value":"History of CVDc","confidence":0.97}},
  {"location":{"row_index":13,"col_index":2},"data":{"value":"12 (60)","confidence":0.99},"column header":{"value":"Semaglutide","confidence":0.99},"1-level row header":{"value":"Clinical","confidence":0.98},"2-level row header":{"value":"History of CVDc","confidence":0.97}},
  {"location":{"row_index":13,"col_index":3},"data":{"value":"12 (60)","confidence":0.99},"column header":{"value":"Empagliflozin","confidence":0.99},"1-level row header":{"value":"Clinical","confidence":0.98},"2-level row header":{"value":"History of CVDc","confidence":0.97}},
  {"location":{"row_index":13,"col_index":4},"data":{"value":"13 (65)","confidence":0.99},"column header":{"value":"Combination","confidence":0.99},"1-level row header":{"value":"Clinical","confidence":0.98},"2-level row header":{"value":"History of CVDc","confidence":0.97}},
  {"location":{"row_index":13,"col_index":5},"data":{"value":"0.61","confidence":0.99},"column header":{"value":"p value","confidence":0.99},"1-level row header":{"value":"Clinical","confidence":0.98},"2-level row header":{"value":"History of CVDc","confidence":0.97}},

  {"location":{"row_index":14,"col_index":1},"data":{"value":"4 (20)","confidence":0.99},"column header":{"value":"Placebo","confidence":0.99},"1-level row header":{"value":"Clinical","confidence":0.98},"2-level row header":{"value":"History of CVDc and age <60 years","confidence":0.97}},
  {"location":{"row_index":14,"col_index":2},"data":{"value":"2 (10)","confidence":0.99},"column header":{"value":"Semaglutide","confidence":0.99},"1-level row header":{"value":"Clinical","confidence":0.98},"2-level row header":{"value":"History of CVDc and age <60 years","confidence":0.97}},
  {"location":{"row_index":14,"col_index":3},"data":{"value":"1 (5)","confidence":0.99},"column header":{"value":"Empagliflozin","confidence":0.99},"1-level row header":{"value":"Clinical","confidence":0.98},"2-level row header":{"value":"History of CVDc and age <60 years","confidence":0.97}},
  {"location":{"row_index":14,"col_index":4},"data":{"value":"2 (10)","confidence":0.99},"column header":{"value":"Combination","confidence":0.99},"1-level row header":{"value":"Clinical","confidence":0.98},"2-level row header":{"value":"History of CVDc and age <60 years","confidence":0.97}},
  {"location":{"row_index":14,"col_index":5},"data":{"value":"–","confidence":0.95},"column header":{"value":"p value","confidence":0.99},"1-level row header":{"value":"Clinical","confidence":0.98},"2-level row header":{"value":"History of CVDc and age <60 years","confidence":0.97}},

  {"location":{"row_index":15,"col_index":1},"data":{"value":"5 (25)","confidence":0.99},"column header":{"value":"Placebo","confidence":0.99},"1-level row header":{"value":"Clinical","confidence":0.98},"2-level row header":{"value":"History of CVDc and age ≥60 years","confidence":0.97}},
  {"location":{"row_index":15,"col_index":2},"data":{"value":"10 (50)","confidence":0.99},"column header":{"value":"Semaglutide","confidence":0.99},"1-level row header":{"value":"Clinical","confidence":0.98},"2-level row header":{"value":"History of CVDc and age ≥60 years","confidence":0.97}},
  {"location":{"row_index":15,"col_index":3},"data":{"value":"11 (55)","confidence":0.99},"column header":{"value":"Empagliflozin","confidence":0.99},"1-level row header":{"value":"Clinical","confidence":0.98},"2-level row header":{"value":"History of CVDc and age ≥60 years","confidence":0.97}},
  {"location":{"row_index":15,"col_index":4},"data":{"value":"11 (55)","confidence":0.99},"column header":{"value":"Combination","confidence":0.99},"1-level row header":{"value":"Clinical","confidence":0.98},"2-level row header":{"value":"History of CVDc and age ≥60 years","confidence":0.97}},
  {"location":{"row_index":15,"col_index":5},"data":{"value":"–","confidence":0.95},"column header":{"value":"p value","confidence":0.99},"1-level row header":{"value":"Clinical","confidence":0.98},"2-level row header":{"value":"History of CVDc and age ≥60 years","confidence":0.97}},

  {"location":{"row_index":17,"col_index":1},"data":{"value":"60 (51–67)","confidence":0.99},"column header":{"value":"Placebo","confidence":0.99},"1-level row header":{"value":"Biochemistry","confidence":0.98},"2-level row header":{"value":"HbA1c, mmol/mol","confidence":0.97}},
  {"location":{"row_index":17,"col_index":2},"data":{"value":"59 (52–62)","confidence":0.99},"column header":{"value":"Semaglutide","confidence":0.99},"1-level row header":{"value":"Biochemistry","confidence":0.98},"2-level row header":{"value":"HbA1c, mmol/mol","confidence":0.97}},
  {"location":{"row_index":17,"col_index":3},"data":{"value":"57 (52–60)","confidence":0.99},"column header":{"value":"Empagliflozin","confidence":0.99},"1-level row header":{"value":"Biochemistry","confidence":0.98},"2-level row header":{"value":"HbA1c, mmol/mol","confidence":0.97}},
  {"location":{"row_index":17,"col_index":4},"data":{"value":"58 (50–74)","confidence":0.99},"column header":{"value":"Combination","confidence":0.99},"1-level row header":{"value":"Biochemistry","confidence":0.98},"2-level row header":{"value":"HbA1c, mmol/mol","confidence":0.97}},
  {"location":{"row_index":17,"col_index":5},"data":{"value":"0.85","confidence":0.99},"column header":{"value":"p value","confidence":0.99},"1-level row header":{"value":"Biochemistry","confidence":0.98},"2-level row header":{"value":"HbA1c, mmol/mol","confidence":0.97}},

  {"location":{"row_index":18,"col_index":1},"data":{"value":"7.6 (6.8–8.3)","confidence":0.99},"column header":{"value":"Placebo","confidence":0.99},"1-level row header":{"value":"Biochemistry","confidence":0.98},"2-level row header":{"value":"HbA1c, %","confidence":0.97}},
  {"location":{"row_index":18,"col_index":2},"data":{"value":"7.5 (6.9–7.8)","confidence":0.99},"column header":{"value":"Semaglutide","confidence":0.99},"1-level row header":{"value":"Biochemistry","confidence":0.98},"2-level row header":{"value":"HbA1c, %","confidence":0.97}},
  {"location":{"row_index":18,"col_index":3},"data":{"value":"7.4 (6.9–7.6)","confidence":0.99},"column header":{"value":"Empagliflozin","confidence":0.99},"1-level row header":{"value":"Biochemistry","confidence":0.98},"2-level row header":{"value":"HbA1c, %","confidence":0.97}},
  {"location":{"row_index":18,"col_index":4},"data":{"value":"7.5 (6.7–8.9)","confidence":0.99},"column header":{"value":"Combination","confidence":0.99},"1-level row header":{"value":"Biochemistry","confidence":0.98},"2-level row header":{"value":"HbA1c, %","confidence":0.97}},
  {"location":{"row_index":18,"col_index":5},"data":{"value":"–","confidence":0.95},"column header":{"value":"p value","confidence":0.99},"1-level row header":{"value":"Biochemistry","confidence":0.98},"2-level row header":{"value":"HbA1c, %","confidence":0.97}},

  {"location":{"row_index":19,"col_index":1},"data":{"value":"8.7 ± 2.5","confidence":0.99},"column header":{"value":"Placebo","confidence":0.99},"1-level row header":{"value":"Biochemistry","confidence":0.98},"2-level row header":{"value":"Plasma glucose, mmol/l","confidence":0.97}},
  {"location":{"row_index":19,"col_index":2},"data":{"value":"8.4 ± 3.0","confidence":0.99},"column header":{"value":"Semaglutide","confidence":0.99},"1-level row header":{"value":"Biochemistry","confidence":0.98},"2-level row header":{"value":"Plasma glucose, mmol/l","confidence":0.97}},
  {"location":{"row_index":19,"col_index":3},"data":{"value":"8.1 ± 2.2","confidence":0.99},"column header":{"value":"Empagliflozin","confidence":0.99},"1-level row header":{"value":"Biochemistry","confidence":0.98},"2-level row header":{"value":"Plasma glucose, mmol/l","confidence":0.97}},
  {"location":{"row_index":19,"col_index":4},"data":{"value":"9.5 ± 4.6","confidence":0.99},"column header":{"value":"Combination","confidence":0.99},"1-level row header":{"value":"Biochemistry","confidence":0.98},"2-level row header":{"value":"Plasma glucose, mmol/l","confidence":0.97}},
  {"location":{"row_index":19,"col_index":5},"data":{"value":"0.76","confidence":0.99},"column header":{"value":"p value","confidence":0.99},"1-level row header":{"value":"Biochemistry","confidence":0.98},"2-level row header":{"value":"Plasma glucose, mmol/l","confidence":0.97}},

  {"location":{"row_index":20,"col_index":1},"data":{"value":"0.46 ± 0.04","confidence":0.99},"column header":{"value":"Placebo","confidence":0.99},"1-level row header":{"value":"Biochemistry","confidence":0.98},"2-level row header":{"value":"Haematocrit, vol%","confidence":0.97}},
  {"location":{"row_index":20,"col_index":2},"data":{"value":"0.43 ± 0.04","confidence":0.99},"column header":{"value":"Semaglutide","confidence":0.99},"1-level row header":{"value":"Biochemistry","confidence":0.98},"2-level row header":{"value":"Haematocrit, vol%","confidence":0.97}},
  {"location":{"row_index":20,"col_index":3},"data":{"value":"0.43 ± 0.04","confidence":0.99},"column header":{"value":"Empagliflozin","confidence":0.99},"1-level row header":{"value":"Biochemistry","confidence":0.98},"2-level row header":{"value":"Haematocrit, vol%","confidence":0.97}},
  {"location":{"row_index":20,"col_index":4},"data":{"value":"0.41 ± 0.05","confidence":0.99},"column header":{"value":"Combination","confidence":0.99},"1-level row header":{"value":"Biochemistry","confidence":0.98},"2-level row header":{"value":"Haematocrit, vol%","confidence":0.97}},
  {"location":{"row_index":20,"col_index":5},"data":{"value":"0.02","confidence":0.99},"column header":{"value":"p value","confidence":0.99},"1-level row header":{"value":"Biochemistry","confidence":0.98},"2-level row header":{"value":"Haematocrit, vol%","confidence":0.97}},

  {"location":{"row_index":21,"col_index":1},"data":{"value":"8 (6–11)","confidence":0.99},"column header":{"value":"Placebo","confidence":0.99},"1-level row header":{"value":"Biochemistry","confidence":0.98},"2-level row header":{"value":"P-EPO, U/l","confidence":0.97}},
  {"location":{"row_index":21,"col_index":2},"data":{"value":"10 (8–15)","confidence":0.99},"column header":{"value":"Semaglutide","confidence":0.99},"1-level row header":{"value":"Biochemistry","confidence":0.98},"2-level row header":{"value":"P-EPO, U/l","confidence":0.97}},
  {"location":{"row_index":21,"col_index":3},"data":{"value":"10 (7–15)","confidence":0.99},"column header":{"value":"Empagliflozin","confidence":0.99},"1-level row header":{"value":"Biochemistry","confidence":0.98},"2-level row header":{"value":"P-EPO, U/l","confidence":0.97}},
  {"location":{"row_index":21,"col_index":4},"data":{"value":"11 (9–17)","confidence":0.99},"column header":{"value":"Combination","confidence":0.99},"1-level row header":{"value":"Biochemistry","confidence":0.98},"2-level row header":{"value":"P-EPO, U/l","confidence":0.97}},
  {"location":{"row_index":21,"col_index":5},"data":{"value":"0.12","confidence":0.99},"column header":{"value":"p value","confidence":0.99},"1-level row header":{"value":"Biochemistry","confidence":0.98},"2-level row header":{"value":"P-EPO, U/l","confidence":0.97}},

  {"location":{"row_index":22,"col_index":1},"data":{"value":"1.58 (0.57–10.74)","confidence":0.99},"column header":{"value":"Placebo","confidence":0.99},"1-level row header":{"value":"Biochemistry","confidence":0.98},"2-level row header":{"value":"UACR, mg/mmol","confidence":0.97}},
  {"location":{"row_index":22,"col_index":2},"data":{"value":"2.83 (0.9–9.49)","confidence":0.99},"column header":{"value":"Semaglutide","confidence":0.99},"1-level row header":{"value":"Biochemistry","confidence":0.98},"2-level row header":{"value":"UACR, mg/mmol","confidence":0.97}},
  {"location":{"row_index":22,"col_index":3},"data":{"value":"1.24 (0.9–2.03)","confidence":0.99},"column header":{"value":"Empagliflozin","confidence":0.99},"1-level row header":{"value":"Biochemistry","confidence":0.98},"2-level row header":{"value":"UACR, mg/mmol","confidence":0.97}},
  {"location":{"row_index":22,"col_index":4},"data":{"value":"1.81 (0.79–7.23)","confidence":0.99},"column header":{"value":"Combination","confidence":0.99},"1-level row header":{"value":"Biochemistry","confidence":0.98},"2-level row header":{"value":"UACR, mg/mmol","confidence":0.97}},
  {"location":{"row_index":22,"col_index":5},"data":{"value":"0.76","confidence":0.99},"column header":{"value":"p value","confidence":0.99},"1-level row header":{"value":"Biochemistry","confidence":0.98},"2-level row header":{"value":"UACR, mg/mmol","confidence":0.97}},

  {"location":{"row_index":23,"col_index":1},"data":{"value":"7 (35)","confidence":0.99},"column header":{"value":"Placebo","confidence":0.99},"1-level row header":{"value":"Biochemistry","confidence":0.98},"2-level row header":{"value":"UACR 3–30 mg/mmol","confidence":0.97}},
  {"location":{"row_index":23,"col_index":2},"data":{"value":"8 (40)","confidence":0.99},"column header":{"value":"Semaglutide","confidence":0.99},"1-level row header":{"value":"Biochemistry","confidence":0.98},"2-level row header":{"value":"UACR 3–30 mg/mmol","confidence":0.97}},
  {"location":{"row_index":23,"col_index":3},"data":{"value":"3 (15)","confidence":0.99},"column header":{"value":"Empagliflozin","confidence":0.99},"1-level row header":{"value":"Biochemistry","confidence":0.98},"2-level row header":{"value":"UACR 3–30 mg/mmol","confidence":0.97}},
  {"location":{"row_index":23,"col_index":4},"data":{"value":"7 (35)","confidence":0.99},"column header":{"value":"Combination","confidence":0.99},"1-level row header":{"value":"Biochemistry","confidence":0.98},"2-level row header":{"value":"UACR 3–30 mg/mmol","confidence":0.97}},
  {"location":{"row_index":23,"col_index":5},"data":{"value":"–","confidence":0.95},"column header":{"value":"p value","confidence":0.99},"1-level row header":{"value":"Biochemistry","confidence":0.98},"2-level row header":{"value":"UACR 3–30 mg/mmol","confidence":0.97}},

  {"location":{"row_index":24,"col_index":1},"data":{"value":"2 (10)","confidence":0.99},"column header":{"value":"Placebo","confidence":0.99},"1-level row header":{"value":"Biochemistry","confidence":0.98},"2-level row header":{"value":"UACR >30 mg/mmol","confidence":0.97}},
  {"location":{"row_index":24,"col_index":2},"data":{"value":"0 (0)","confidence":0.99},"column header":{"value":"Semaglutide","confidence":0.99},"1-level row header":{"value":"Biochemistry","confidence":0.98},"2-level row header":{"value":"UACR >30 mg/mmol","confidence":0.97}},
  {"location":{"row_index":24,"col_index":3},"data":{"value":"0 (0)","confidence":0.99},"column header":{"value":"Empagliflozin","confidence":0.99},"1-level row header":{"value":"Biochemistry","confidence":0.98},"2-level row header":{"value":"UACR >30 mg/mmol","confidence":0.97}},
  {"location":{"row_index":24,"col_index":4},"data":{"value":"1 (5)","confidence":0.99},"column header":{"value":"Combination","confidence":0.99},"1-level row header":{"value":"Biochemistry","confidence":0.98},"2-level row header":{"value":"UACR >30 mg/mmol","confidence":0.97}},
  {"location":{"row_index":24,"col_index":5},"data":{"value":"–","confidence":0.95},"column header":{"value":"p value","confidence":0.99},"1-level row header":{"value":"Biochemistry","confidence":0.98},"2-level row header":{"value":"UACR >30 mg/mmol","confidence":0.97}},

  {"location":{"row_index":25,"col_index":1},"data":{"value":"91 ± 23a","confidence":0.99},"column header":{"value":"Placebo","confidence":0.99},"1-level row header":{"value":"Biochemistry","confidence":0.98},"2-level row header":{"value":"GFR, ml/min per 1.73 m2","confidence":0.97}},
  {"location":{"row_index":25,"col_index":2},"data":{"value":"87 ± 21d","confidence":0.99},"column header":{"value":"Semaglutide","confidence":0.99},"1-level row header":{"value":"Biochemistry","confidence":0.98},"2-level row header":{"value":"GFR, ml/min per 1.73 m2","confidence":0.97}},
  {"location":{"row_index":25,"col_index":3},"data":{"value":"88 ± 18","confidence":0.99},"column header":{"value":"Empagliflozin","confidence":0.99},"1-level row header":{"value":"Biochemistry","confidence":0.98},"2-level row header":{"value":"GFR, ml/min per 1.73 m2","confidence":0.97}},
  {"location":{"row_index":25,"col_index":4},"data":{"value":"81 ± 26","confidence":0.99},"column header":{"value":"Combination","confidence":0.99},"1-level row header":{"value":"Biochemistry","confidence":0.98},"2-level row header":{"value":"GFR, ml/min per 1.73 m2","confidence":0.97}},
  {"location":{"row_index":25,"col_index":5},"data":{"value":"0.43","confidence":0.99},"column header":{"value":"p value","confidence":0.99},"1-level row header":{"value":"Biochemistry","confidence":0.98},"2-level row header":{"value":"GFR, ml/min per 1.73 m2","confidence":0.97}},

  {"location":{"row_index":26,"col_index":1},"data":{"value":"3 (15)","confidence":0.99},"column header":{"value":"Placebo","confidence":0.99},"1-level row header":{"value":"Biochemistry","confidence":0.98},"2-level row header":{"value":"GFR <60 ml/min per 1.73 m2","confidence":0.97}},
  {"location":{"row_index":26,"col_index":2},"data":{"value":"1 (5)","confidence":0.99},"column header":{"value":"Semaglutide","confidence":0.99},"1-level row header":{"value":"Biochemistry","confidence":0.98},"2-level row header":{"value":"GFR <60 ml/min per 1.73 m2","confidence":0.97}},
  {"location":{"row_index":26,"col_index":3},"data":{"value":"1 (5)","confidence":0.99},"column header":{"value":"Empagliflozin","confidence":0.99},"1-level row header":{"value":"Biochemistry","confidence":0.98},"2-level row header":{"value":"GFR <60 ml/min per 1.73 m2","confidence":0.97}},
  {"location":{"row_index":26,"col_index":4},"data":{"value":"5 (25)","confidence":0.99},"column header":{"value":"Combination","confidence":0.99},"1-level row header":{"value":"Biochemistry","confidence":0.98},"2-level row header":{"value":"GFR <60 ml/min per 1.73 m2","confidence":0.97}},
  {"location":{"row_index":26,"col_index":5},"data":{"value":"–","confidence":0.95},"column header":{"value":"p value","confidence":0.99},"1-level row header":{"value":"Biochemistry","confidence":0.98},"2-level row header":{"value":"GFR <60 ml/min per 1.73 m2","confidence":0.97}},

  {"location":{"row_index":28,"col_index":1},"data":{"value":"18 (90)","confidence":0.99},"column header":{"value":"Placebo","confidence":0.99},"1-level row header":{"value":"Medication","confidence":0.98},"2-level row header":{"value":"Metformin","confidence":0.97}},
  {"location":{"row_index":28,"col_index":2},"data":{"value":"17 (85)","confidence":0.99},"column header":{"value":"Semaglutide","confidence":0.99},"1-level row header":{"value":"Medication","confidence":0.98},"2-level row header":{"value":"Metformin","confidence":0.97}},
  {"location":{"row_index":28,"col_index":3},"data":{"value":"18 (90)","confidence":0.99},"column header":{"value":"Empagliflozin","confidence":0.99},"1-level row header":{"value":"Medication","confidence":0.98},"2-level row header":{"value":"Metformin","confidence":0.97}},
  {"location":{"row_index":28,"col_index":4},"data":{"value":"20 (100)","confidence":0.99},"column header":{"value":"Combination","confidence":0.99},"1-level row header":{"value":"Medication","confidence":0.98},"2-level row header":{"value":"Metformin","confidence":0.97}},
  {"location":{"row_index":28,"col_index":5},"data":{"value":"0.40","confidence":0.99},"column header":{"value":"p value","confidence":0.99},"1-level row header":{"value":"Medication","confidence":0.98},"2-level row header":{"value":"Metformin","confidence":0.97}},

  {"location":{"row_index":29,"col_index":1},"data":{"value":"4 (20)","confidence":0.99},"column header":{"value":"Placebo","confidence":0.99},"1-level row header":{"value":"Medication","confidence":0.98},"2-level row header":{"value":"Insulin therapy","confidence":0.97}},
  {"location":{"row_index":29,"col_index":2},"data":{"value":"4 (20)","confidence":0.99},"column header":{"value":"Semaglutide","confidence":0.99},"1-level row header":{"value":"Medication","confidence":0.98},"2-level row header":{"value":"Insulin therapy","confidence":0.97}},
  {"location":{"row_index":29,"col_index":3},"data":{"value":"6 (30)","confidence":0.99},"column header":{"value":"Empagliflozin","confidence":0.99},"1-level row header":{"value":"Medication","confidence":0.98},"2-level row header":{"value":"Insulin therapy","confidence":0.97}},
  {"location":{"row_index":29,"col_index":4},"data":{"value":"2 (10)","confidence":0.99},"column header":{"value":"Combination","confidence":0.99},"1-level row header":{"value":"Medication","confidence":0.98},"2-level row header":{"value":"Insulin therapy","confidence":0.97}},
  {"location":{"row_index":29,"col_index":5},"data":{"value":"0.47","confidence":0.99},"column header":{"value":"p value","confidence":0.99},"1-level row header":{"value":"Medication","confidence":0.98},"2-level row header":{"value":"Insulin therapy","confidence":0.97}},

  {"location":{"row_index":30,"col_index":1},"data":{"value":"16 (80)","confidence":0.99},"column header":{"value":"Placebo","confidence":0.99},"1-level row header":{"value":"Medication","confidence":0.98},"2-level row header":{"value":"Renin–angiotensin–aldosterone system blocker","confidence":0.97}},
  {"location":{"row_index":30,"col_index":2},"data":{"value":"15 (75)","confidence":0.99},"column header":{"value":"Semaglutide","confidence":0.99},"1-level row header":{"value":"Medication","confidence":0.98},"2-level row header":{"value":"Renin–angiotensin–aldosterone system blocker","confidence":0.97}},
  {"location":{"row_index":30,"col_index":3},"data":{"value":"14 (70)","confidence":0.99},"column header":{"value":"Empagliflozin","confidence":0.99},"1-level row header":{"value":"Medication","confidence":0.98},"2-level row header":{"value":"Renin–angiotensin–aldosterone system blocker","confidence":0.97}},
  {"location":{"row_index":30,"col_index":4},"data":{"value":"18 (90)","confidence":0.99},"column header":{"value":"Combination","confidence":0.99},"1-level row header":{"value":"Medication","confidence":0.98},"2-level row header":{"value":"Renin–angiotensin–aldosterone system blocker","confidence":0.97}},
  {"location":{"row_index":30,"col_index":5},"data":{"value":"0.45","confidence":0.99},"column header":{"value":"p value","confidence":0.99},"1-level row header":{"value":"Medication","confidence":0.98},"2-level row header":{"value":"Renin–angiotensin–aldosterone system blocker","confidence":0.97}},

  {"location":{"row_index":31,"col_index":1},"data":{"value":"11 (55)","confidence":0.99},"column header":{"value":"Placebo","confidence":0.99},"1-level row header":{"value":"Medication","confidence":0.98},"2-level row header":{"value":"Calcium antagonist","confidence":0.97}},
  {"location":{"row_index":31,"col_index":2},"data":{"value":"9 (45)","confidence":0.99},"column header":{"value":"Semaglutide","confidence":0.99},"1-level row header":{"value":"Medication","confidence":0.98},"2-level row header":{"value":"Calcium antagonist","confidence":0.97}},
  {"location":{"row_index":31,"col_index":3},"data":{"value":"9 (45)","confidence":0.99},"column header":{"value":"Empagliflozin","confidence":0.99},"1-level row header":{"value":"Medication","confidence":0.98},"2-level row header":{"value":"Calcium antagonist","confidence":0.97}},
  {"location":{"row_index":31,"col_index":4},"data":{"value":"7 (35)","confidence":0.99},"column header":{"value":"Combination","confidence":0.99},"1-level row header":{"value":"Medication","confidence":0.98},"2-level row header":{"value":"Calcium antagonist","confidence":0.97}},
  {"location":{"row_index":31,"col_index":5},"data":{"value":"0.66","confidence":0.99},"column header":{"value":"p value","confidence":0.99},"1-level row header":{"value":"Medication","confidence":0.98},"2-level row header":{"value":"Calcium antagonist","confidence":0.97}},

  {"location":{"row_index":32,"col_index":1},"data":{"value":"4 (20)","confidence":0.99},"column header":{"value":"Placebo","confidence":0.99},"1-level row header":{"value":"Medication","confidence":0.98},"2-level row header":{"value":"β-blocker","confidence":0.97}},
  {"location":{"row_index":32,"col_index":2},"data":{"value":"12 (60)","confidence":0.99},"column header":{"value":"Semaglutide","confidence":0.99},"1-level row header":{"value":"Medication","confidence":0.98},"2-level row header":{"value":"β-blocker","confidence":0.97}},
  {"location":{"row_index":32,"col_index":3},"data":{"value":"6 (30)","confidence":0.99},"column header":{"value":"Empagliflozin","confidence":0.99},"1-level row header":{"value":"Medication","confidence":0.98},"2-level row header":{"value":"β-blocker","confidence":0.97}},
  {"location":{"row_index":32,"col_index":4},"data":{"value":"9 (45)","confidence":0.99},"column header":{"value":"Combination","confidence":0.99},"1-level row header":{"value":"Medication","confidence":0.98},"2-level row header":{"value":"β-blocker","confidence":0.97}},
  {"location":{"row_index":32,"col_index":5},"data":{"value":"0.05","confidence":0.99},"column header":{"value":"p value","confidence":0.99},"1-level row header":{"value":"Medication","confidence":0.98},"2-level row header":{"value":"β-blocker","confidence":0.97}},

  {"location":{"row_index":33,"col_index":1},"data":{"value":"8 (40)","confidence":0.99},"column header":{"value":"Placebo","confidence":0.99},"1-level row header":{"value":"Medication","confidence":0.98},"2-level row header":{"value":"Thiazide/loop diuretics","confidence":0.97}},
  {"location":{"row_index":33,"col_index":2},"data":{"value":"8 (40)","confidence":0.99},"column header":{"value":"Semaglutide","confidence":0.99},"1-level row header":{"value":"Medication","confidence":0.98},"2-level row header":{"value":"Thiazide/loop diuretics","confidence":0.97}},
  {"location":{"row_index":33,"col_index":3},"data":{"value":"10 (50)","confidence":0.99},"column header":{"value":"Empagliflozin","confidence":0.99},"1-level row header":{"value":"Medication","confidence":0.98},"2-level row header":{"value":"Thiazide/loop diuretics","confidence":0.97}},
  {"location":{"row_index":33,"col_index":4},"data":{"value":"4 (20)","confidence":0.99},"column header":{"value":"Combination","confidence":0.99},"1-level row header":{"value":"Medication","confidence":0.98},"2-level row header":{"value":"Thiazide/loop diuretics","confidence":0.97}},
  {"location":{"row_index":33,"col_index":5},"data":{"value":"0.25","confidence":0.99},"column header":{"value":"p value","confidence":0.99},"1-level row header":{"value":"Medication","confidence":0.98},"2-level row header":{"value":"Thiazide/loop diuretics","confidence":0.97}},

  {"location":{"row_index":34,"col_index":1},"data":{"value":"18 (90)","confidence":0.99},"column header":{"value":"Placebo","confidence":0.99},"1-level row header":{"value":"Medication","confidence":0.98},"2-level row header":{"value":"Statin","confidence":0.97}},
  {"location":{"row_index":34,"col_index":2},"data":{"value":"18 (90)","confidence":0.99},"column header":{"value":"Semaglutide","confidence":0.99},"1-level row header":{"value":"Medication","confidence":0.98},"2-level row header":{"value":"Statin","confidence":0.97}},
  {"location":{"row_index":34,"col_index":3},"data":{"value":"15 (75)","confidence":0.99},"column header":{"value":"Empagliflozin","confidence":0.99},"1-level row header":{"value":"Medication","confidence":0.98},"2-level row header":{"value":"Statin","confidence":0.97}},
  {"location":{"row_index":34,"col_index":4},"data":{"value":"20 (100)","confidence":0.99},"column header":{"value":"Combination","confidence":0.99},"1-level row header":{"value":"Medication","confidence":0.98},"2-level row header":{"value":"Statin","confidence":0.97}},
  {"location":{"row_index":34,"col_index":5},"data":{"value":"0.09","confidence":0.99},"column header":{"value":"p value","confidence":0.99},"1-level row header":{"value":"Medication","confidence":0.98},"2-level row header":{"value":"Statin","confidence":0.97}}
]
