[
  {
    "data cell": {"value": "62 (52.5%)", "confidence": "high"},
    "location": {"value": "Row 2, Column 2", "confidence": "high"},
    "row header": {"row header level-1": {"value": "Male, n (%)", "confidence": "high"}},
    "column header": {"column header level-1": {"value": "FDC of MSP (_N_ = 118)", "confidence": "high"}}
  },
  {
    "data cell": {"value": "63 (53.4%)", "confidence": "high"},
    "location": {"value": "Row 2, Column 3", "confidence": "high"},
    "row header": {"row header level-1": {"value": "Male, n (%)", "confidence": "high"}},
    "column header": {"column header level-1": {"value": "MS (_N_ = 118)", "confidence": "high"}}
  },
  {
    "data cell": {"value": "0.43", "confidence": "high"},
    "location": {"value": "Row 2, Column 4", "confidence": "high"},
    "row header": {"row header level-1": {"value": "Male, n (%)", "confidence": "high"}},
    "column header": {"column header level-1": {"value": "P value", "confidence": "high"}}
  },

  {
    "data cell": {"value": "56 (47.5%)", "confidence": "high"},
    "location": {"value": "Row 3, Column 2", "confidence": "high"},
    "row header": {"row header level-1": {"value": "Female, n (%)", "confidence": "high"}},
    "column header": {"column header level-1": {"value": "FDC of MSP (_N_ = 118)", "confidence": "high"}}
  },
  {
    "data cell": {"value": "55 (46.6%)", "confidence": "high"},
    "location": {"value": "Row 3, Column 3", "confidence": "high"},
    "row header": {"row header level-1": {"value": "Female, n (%)", "confidence": "high"}},
    "column header": {"column header level-1": {"value": "MS (_N_ = 118)", "confidence": "high"}}
  },
  {
    "data cell": {"value": "0.37", "confidence": "high"},
    "location": {"value": "Row 3, Column 4", "confidence": "high"},
    "row header": {"row header level-1": {"value": "Female, n (%)", "confidence": "high"}},
    "column header": {"column header level-1": {"value": "P value", "confidence": "high"}}
  },

  {
    "data cell": {"value": "51.7 (8.01)", "confidence": "high"},
    "location": {"value": "Row 4, Column 2", "confidence": "high"},
    "row header": {"row header level-1": {"value": "Age, years, mean (SD)", "confidence": "high"}},
    "column header": {"column header level-1": {"value": "FDC of MSP (_N_ = 118)", "confidence": "high"}}
  },
  {
    "data cell": {"value": "49.6 (9.54)", "confidence": "high"},
    "location": {"value": "Row 4, Column 3", "confidence": "high"},
    "row header": {"row header level-1": {"value": "Age, years, mean (SD)", "confidence": "high"}},
    "column header": {"column header level-1": {"value": "MS (_N_ = 118)", "confidence": "high"}}
  },
  {
    "data cell": {"value": "0.0787", "confidence": "high"},
    "location": {"value": "Row 4, Column 4", "confidence": "high"},
    "row header": {"row header level-1": {"value": "Age, years, mean (SD)", "confidence": "high"}},
    "column header": {"column header level-1": {"value": "P value", "confidence": "high"}}
  },

  {
    "data cell": {"value": "67.1 (12.87)", "confidence": "high"},
    "location": {"value": "Row 5, Column 2", "confidence": "high"},
    "row header": {"row header level-1": {"value": "Weight, kg, mean (SD)", "confidence": "high"}},
    "column header": {"column header level-1": {"value": "FDC of MSP (_N_ = 118)", "confidence": "high"}}
  },
  {
    "data cell": {"value": "65.5 (10.94)", "confidence": "high"},
    "location": {"value": "Row 5, Column 3", "confidence": "high"},
    "row header": {"row header level-1": {"value": "Weight, kg, mean (SD)", "confidence": "high"}},
    "column header": {"column header level-1": {"value": "MS (_N_ = 118)", "confidence": "high"}}
  },
  {
    "data cell": {"value": "0.3074", "confidence": "high"},
    "location": {"value": "Row 5, Column 4", "confidence": "high"},
    "row header": {"row header level-1": {"value": "Weight, kg, mean (SD)", "confidence": "high"}},
    "column header": {"column header level-1": {"value": "P value", "confidence": "high"}}
  },

  {
    "data cell": {"value": "162.8 (8.23)", "confidence": "high"},
    "location": {"value": "Row 6, Column 2", "confidence": "high"},
    "row header": {"row header level-1": {"value": "Height, cm, mean (SD)", "confidence": "high"}},
    "column header": {"column header level-1": {"value": "FDC of MSP (_N_ = 118)", "confidence": "high"}}
  },
  {
    "data cell": {"value": "161.5 (7.79)", "confidence": "high"},
    "location": {"value": "Row 6, Column 3", "confidence": "high"},
    "row header": {"row header level-1": {"value": "Height, cm, mean (SD)", "confidence": "high"}},
    "column header": {"column header level-1": {"value": "MS (_N_ = 118)", "confidence": "high"}}
  },
  {
    "data cell": {"value": "0.2081", "confidence": "high"},
    "location": {"value": "Row 6, Column 4", "confidence": "high"},
    "row header": {"row header level-1": {"value": "Height, cm, mean (SD)", "confidence": "high"}},
    "column header": {"column header level-1": {"value": "P value", "confidence": "high"}}
  },

  {
    "data cell": {"value": "25.2 (3.81)", "confidence": "high"},
    "location": {"value": "Row 7, Column 2", "confidence": "high"},
    "row header": {"row header level-1": {"value": "BMI, kg/m2, mean (SD)", "confidence": "high"}},
    "column header": {"column header level-1": {"value": "FDC of MSP (_N_ = 118)", "confidence": "high"}}
  },
  {
    "data cell": {"value": "25.1 (3.55)", "confidence": "high"},
    "location": {"value": "Row 7, Column 3", "confidence": "high"},
    "row header": {"row header level-1": {"value": "BMI, kg/m2, mean (SD)", "confidence": "high"}},
    "column header": {"column header level-1": {"value": "MS (_N_ = 118)", "confidence": "high"}}
  },
  {
    "data cell": {"value": "0.772", "confidence": "high"},
    "location": {"value": "Row 7, Column 4", "confidence": "high"},
    "row header": {"row header level-1": {"value": "BMI, kg/m2, mean (SD)", "confidence": "high"}},
    "column header": {"column header level-1": {"value": "P value", "confidence": "high"}}
  },

  {
    "data cell": {"value": "36.8 (3.62)", "confidence": "high"},
    "location": {"value": "Row 8, Column 2", "confidence": "high"},
    "row header": {"row header level-1": {"value": "Waist circumference, inches, mean (SD)", "confidence": "high"}},
    "column header": {"column header level-1": {"value": "FDC of MSP (_N_ = 118)", "confidence": "high"}}
  },
  {
    "data cell": {"value": "36.2 (3.68)", "confidence": "high"},
    "location": {"value": "Row 8, Column 3", "confidence": "high"},
    "row header": {"row header level-1": {"value": "Waist circumference, inches, mean (SD)", "confidence": "high"}},
    "column header": {"column header level-1": {"value": "MS (_N_ = 118)", "confidence": "high"}}
  },
  {
    "data cell": {"value": "0.2106", "confidence": "high"},
    "location": {"value": "Row 8, Column 4", "confidence": "high"},
    "row header": {"row header level-1": {"value": "Waist circumference, inches, mean (SD)", "confidence": "high"}},
    "column header": {"column header level-1": {"value": "P value", "confidence": "high"}}
  },

  {
    "data cell": {"value": "0.9 (0.07)", "confidence": "high"},
    "location": {"value": "Row 9, Column 2", "confidence": "high"},
    "row header": {"row header level-1": {"value": "Waist-to-hip ratio, mean (SD)", "confidence": "high"}},
    "column header": {"column header level-1": {"value": "FDC of MSP (_N_ = 118)", "confidence": "high"}}
  },
  {
    "data cell": {"value": "0.9 (0.10)", "confidence": "high"},
    "location": {"value": "Row 9, Column 3", "confidence": "high"},
    "row header": {"row header level-1": {"value": "Waist-to-hip ratio, mean (SD)", "confidence": "high"}},
    "column header": {"column header level-1": {"value": "MS (_N_ = 118)", "confidence": "high"}}
  },
  {
    "data cell": {"value": "0.3733", "confidence": "high"},
    "location": {"value": "Row 9, Column 4", "confidence": "high"},
    "row header": {"row header level-1": {"value": "Waist-to-hip ratio, mean (SD)", "confidence": "high"}},
    "column header": {"column header level-1": {"value": "P value", "confidence": "high"}}
  },

  {
    "data cell": {"value": "9.21 (0.78)", "confidence": "high"},
    "location": {"value": "Row 10, Column 2", "confidence": "high"},
    "row header": {"row header level-1": {"value": "HbA1C, %, mean (SD)", "confidence": "high"}},
    "column header": {"column header level-1": {"value": "FDC of MSP (_N_ = 118)", "confidence": "high"}}
  },
  {
    "data cell": {"value": "9.25 (0.78)", "confidence": "high"},
    "location": {"value": "Row 10, Column 3", "confidence": "high"},
    "row header": {"row header level-1": {"value": "HbA1C, %, mean (SD)", "confidence": "high"}},
    "column header": {"column header level-1": {"value": "MS (_N_ = 118)", "confidence": "high"}}
  },
  {
    "data cell": {"value": "0.7181", "confidence": "high"},
    "location": {"value": "Row 10, Column 4", "confidence": "high"},
    "row header": {"row header level-1": {"value": "HbA1C, %, mean (SD)", "confidence": "high"}},
    "column header": {"column header level-1": {"value": "P value", "confidence": "high"}}
  },

  {
    "data cell": {"value": "41.1 (33.47), 2–169.4", "confidence": "high"},
    "location": {"value": "Row 11, Column 2", "confidence": "high"},
    "row header": {"row header level-1": {"value": "Duration of diabetes, months, mean (SD), range", "confidence": "high"}},
    "column header": {"column header level-1": {"value": "FDC of MSP (_N_ = 118)", "confidence": "high"}}
  },
  {
    "data cell": {"value": "36.5 (42.86), 1.5–360.6", "confidence": "high"},
    "location": {"value": "Row 11, Column 3", "confidence": "high"},
    "row header": {"row header level-1": {"value": "Duration of diabetes, months, mean (SD), range", "confidence": "high"}},
    "column header": {"column header level-1": {"value": "MS (_N_ = 118)", "confidence": "high"}}
  },
  {
    "data cell": {"value": "0.3524", "confidence": "high"},
    "location": {"value": "Row 11, Column 4", "confidence": "high"},
    "row header": {"row header level-1": {"value": "Duration of diabetes, months, mean (SD), range", "confidence": "high"}},
    "column header": {"column header level-1": {"value": "P value", "confidence": "high"}}
  }
]