[
    {
        "Characteristics": "Male, n (%)",
        "FDC of MSP (N= 118)": "62 (52.5%)",
        "MS (N= 118)": "63 (53.4%)",
        "Pvalue": "0.43"
    },
    {
        "Characteristics": "Female, n (%)",
        "FDC of MSP (N= 118)": "56 (47.5%)",
        "MS (N= 118)": "55 (46.6%)",
        "Pvalue": "0.37"
    },
    {
        "Characteristics": "Age, years, mean (SD)",
        "FDC of MSP (N= 118)": "51.7 (8.01)",
        "MS (N= 118)": "49.6 (9.54)",
        "Pvalue": "0.0787"
    },
    {
        "Characteristics": "Weight, kg, mean (SD)",
        "FDC of MSP (N= 118)": "67.1 (12.87)",
        "MS (N= 118)": "65.5 (10.94)",
        "Pvalue": "0.3074"
    },
    {
        "Characteristics": "Height, cm, mean (SD)",
        "FDC of MSP (N= 118)": "162.8 (8.23)",
        "MS (N= 118)": "161.5 (7.79)",
        "Pvalue": "0.2081"
    },
    {
        "Characteristics": "BMI, kg/m2, mean (SD)",
        "FDC of MSP (N= 118)": "25.2 (3.81)",
        "MS (N= 118)": "25.1 (3.55)",
        "Pvalue": "0.772"
    },
    {
        "Characteristics": "Waist circumference, inches, mean (SD)",
        "FDC of MSP (N= 118)": "36.8 (3.62)",
        "MS (N= 118)": "36.2 (3.68)",
        "Pvalue": "0.2106"
    },
    {
        "Characteristics": "Waist-to-hip ratio, mean (SD)",
        "FDC of MSP (N= 118)": "0.9 (0.07)",
        "MS (N= 118)": "0.9 (0.10)",
        "Pvalue": "0.3733"
    },
    {
        "Characteristics": "HbA1C, %, mean (SD)",
        "FDC of MSP (N= 118)": "9.21 (0.78)",
        "MS (N= 118)": "9.25 (0.78)",
        "Pvalue": "0.7181"
    },
    {
        "Characteristics": "Duration of diabetes, months, mean (SD), range",
        "FDC of MSP (N= 118)": "41.1 (33.47), 2–169.4",
        "MS (N= 118)": "36.5 (42.86), 1.5–360.6",
        "Pvalue": "0.3524"
    }
]