[
  {
    "row_index": 1,
    "col_index": 1,
    "row_header": [
      "Age, y"
    ],
    "column_header": [
      "AMPLITUDE-D",
      "Efpeglenatide 4 mg (N = 303)"
    ],
    "value": "60.3 ± 9.6"
  },
  {
    "row_index": 1,
    "col_index": 2,
    "row_header": [
      "Age, y"
    ],
    "column_header": [
      "AMPLITUDE-D",
      "Efpeglenatide 6 mg (N = 302)"
    ],
    "value": "60.0 ± 10.1"
  },
  {
    "row_index": 1,
    "col_index": 3,
    "row_header": [
      "Age, y"
    ],
    "column_header": [
      "AMPLITUDE-D",
      "Dulaglutide 1.5 mg (N = 303)"
    ],
    "value": "59.4 ± 10.1"
  },
  {
    "row_index": 2,
    "col_index": 1,
    "row_header": [
      "Male, n (%)"
    ],
    "column_header": [
      "AMPLITUDE-D",
      "Efpeglenatide 4 mg (N = 303)"
    ],
    "value": "161 (53.1)"
  },
  {
    "row_index": 5,
    "col_index": 1,
    "row_header": [
      "Race, n (%)",
      "White"
    ],
    "column_header": [
      "AMPLITUDE-D",
      "Efpeglenatide 4 mg (N = 303)"
    ],
    "value": "271 (89.4)"
  }
]