[
  {
    "row": 3,
    "column": 2,
    "row_header": "No. of participants",
    "column_header": "Placebo",
    "section": "Clinical",
    "value": "20"
  },
  {
    "row": 3,
    "column": 3,
    "row_header": "No. of participants",
    "column_header": "Semaglutide",
    "section": "Clinical",
    "value": "20"
  },
  {
    "row": 3,
    "column": 4,
    "row_header": "No. of participants",
    "column_header": "Empagliflozin",
    "section": "Clinical",
    "value": "20"
  },
  {
    "row": 3,
    "column": 5,
    "row_header": "No. of participants",
    "column_header": "Combination",
    "section": "Clinical",
    "value": "20"
  },
  {
    "row": 3,
    "column": 6,
    "row_header": "No. of participants",
    "column_header": "p value",
    "section": "Clinical",
    "value": "–"
  },
  {
    "row": 4,
    "column": 2,
    "row_header": "Age, years",
    "column_header": "Placebo",
    "section": "Clinical",
    "value": "64.6 ± 6.1"
  },
  {
    "row": 4,
    "column": 3,
    "row_header": "Age, years",
    "column_header": "Semaglutide",
    "section": "Clinical",
    "value": "70.1 ± 6.8"
  },
  {
    "row": 4,
    "column": 4,
    "row_header": "Age, years",
    "column_header": "Empagliflozin",
    "section": "Clinical",
    "value": "69.6 ± 6.0"
  },
  {
    "row": 4,
    "column": 5,
    "row_header": "Age, years",
    "column_header": "Combination",
    "section": "Clinical",
    "value": "67.9 ± 6.2"
  },
  {
    "row": 4,
    "column": 6,
    "row_header": "Age, years",
    "column_header": "p value",
    "section": "Clinical",
    "value": "0.03"
  }
]