[
  {
    "Row Header": "Male, n (%)",
    "Column Header": "FDC of MSP (N = 118)",
    "Value": "62 (52.5%)",
    "Row Index": 1,
    "Column Index": 1
  },
  {
    "Row Header": "Male, n (%)",
    "Column Header": "MS (N = 118)",
    "Value": "63 (53.4%)",
    "Row Index": 1,
    "Column Index": 2
  },
  {
    "Row Header": "Male, n (%)",
    "Column Header": "P value",
    "Value": "0.43",
    "Row Index": 1,
    "Column Index": 3
  },
  {
    "Row Header": "Female, n (%)",
    "Column Header": "FDC of MSP (N = 118)",
    "Value": "56 (47.5%)",
    "Row Index": 2,
    "Column Index": 1
  },
  {
    "Row Header": "Female, n (%)",
    "Column Header": "MS (N = 118)",
    "Value": "55 (46.6%)",
    "Row Index": 2,
    "Column Index": 2
  },
  {
    "Row Header": "Female, n (%)",
    "Column Header": "P value",
    "Value": "0.37",
    "Row Index": 2,
    "Column Index": 3
  },
  {
    "Row Header": "Age, years, mean (SD)",
    "Column Header": "FDC of MSP (N = 118)",
    "Value": "51.7 (8.01)",
    "Row Index": 3,
    "Column Index": 1
  },
  {
    "Row Header": "Age, years, mean (SD)",
    "Column Header": "MS (N = 118)",
    "Value": "49.6 (9.54)",
    "Row Index": 3,
    "Column Index": 2
  },
  {
    "Row Header": "Age, years, mean (SD)",
    "Column Header": "P value",
    "Value": "0.0787",
    "Row Index": 3,
    "Column Index": 3
  },
  {
    "Row Header": "Weight, kg, mean (SD)",
    "Column Header": "FDC of MSP (N = 118)",
    "Value": "67.1 (12.87)",
    "Row Index": 4,
    "Column Index": 1
  },
  {
    "Row Header": "Weight, kg, mean (SD)",
    "Column Header": "MS (N = 118)",
    "Value": "65.5 (10.94)",
    "Row Index": 4,
    "Column Index": 2
  },
  {
    "Row Header": "Weight, kg, mean (SD)",
    "Column Header": "P value",
    "Value": "0.3074",
    "Row Index": 4,
    "Column Index": 3
  },
  {
    "Row Header": "Height, cm, mean (SD)",
    "Column Header": "FDC of MSP (N = 118)",
    "Value": "162.8 (8.23)",
    "Row Index": 5,
    "Column Index": 1
  },
  {
    "Row Header": "Height, cm, mean (SD)",
    "Column Header": "MS (N = 118)",
    "Value": "161.5 (7.79)",
    "Row Index": 5,
    "Column Index": 2
  },
  {
    "Row Header": "Height, cm, mean (SD)",
    "Column Header": "P value",
    "Value": "0.2081",
    "Row Index": 5,
    "Column Index": 3
  },
  {
    "Row Header": "BMI, kg/m2, mean (SD)",
    "Column Header": "FDC of MSP (N = 118)",
    "Value": "25.2 (3.81)",
    "Row Index": 6,
    "Column Index": 1
  },
  {
    "Row Header": "BMI, kg/m2, mean (SD)",
    "Column Header": "MS (N = 118)",
    "Value": "25.1 (3.55)",
    "Row Index": 6,
    "Column Index": 2
  },
  {
    "Row Header": "BMI, kg/m2, mean (SD)",
    "Column Header": "P value",
    "Value": "0.772",
    "Row Index": 6,
    "Column Index": 3
  },
  {
    "Row Header": "Waist circumference, inches, mean (SD)",
    "Column Header": "FDC of MSP (N = 118)",
    "Value": "36.8 (3.62)",
    "Row Index": 7,
    "Column Index": 1
  },
  {
    "Row Header": "Waist circumference, inches, mean (SD)",
    "Column Header": "MS (N = 118)",
    "Value": "36.2 (3.68)",
    "Row Index": 7,
    "Column Index": 2
  },
  {
    "Row Header": "Waist circumference, inches, mean (SD)",
    "Column Header": "P value",
    "Value": "0.2106",
    "Row Index": 7,
    "Column Index": 3
  },
  {
    "Row Header": "Waist-to-hip ratio, mean (SD)",
    "Column Header": "FDC of MSP (N = 118)",
    "Value": "0.9 (0.07)",
    "Row Index": 8,
    "Column Index": 1
  },
  {
    "Row Header": "Waist-to-hip ratio, mean (SD)",
    "Column Header": "MS (N = 118)",
    "Value": "0.9 (0.10)",
    "Row Index": 8,
    "Column Index": 2
  },
  {
    "Row Header": "Waist-to-hip ratio, mean (SD)",
    "Column Header": "P value",
    "Value": "0.3733",
    "Row Index": 8,
    "Column Index": 3
  },
  {
    "Row Header": "HbA1C, %, mean (SD)",
    "Column Header": "FDC of MSP (N = 118)",
    "Value": "9.21 (0.78)",
    "Row Index": 9,
    "Column Index": 1
  },
  {
    "Row Header": "HbA1C, %, mean (SD)",
    "Column Header": "MS (N = 118)",
    "Value": "9.25 (0.78)",
    "Row Index": 9,
    "Column Index": 2
  },
  {
    "Row Header": "HbA1C, %, mean (SD)",
    "Column Header": "P value",
    "Value": "0.7181",
    "Row Index": 9,
    "Column Index": 3
  },
  {
    "Row Header": "Duration of diabetes, months, mean (SD), range",
    "Column Header": "FDC of MSP (N = 118)",
    "Value": "41.1 (33.47), 2–169.4",
    "Row Index": 10,
    "Column Index": 1
  },
  {
    "Row Header": "Duration of diabetes, months, mean (SD), range",
    "Column Header": "MS (N = 118)",
    "Value": "36.5 (42.86), 1.5–360.6",
    "Row Index": 10,
    "Column Index": 2
  },
  {
    "Row Header": "Duration of diabetes, months, mean (SD), range",
    "Column Header": "P value",
    "Value": "0.3524",
    "Row Index": 10,
    "Column Index": 3
  }
]
