[
  {
    "row": 1,
    "column": 2,
    "row_header": "Male, n (%)",
    "column_header": "FDC of MSP (N = 118)",
    "value": "62 (52.5%)"
  },
  {
    "row": 1,
    "column": 3,
    "row_header": "Male, n (%)",
    "column_header": "MS (N = 118)",
    "value": "63 (53.4%)"
  },
  {
    "row": 1,
    "column": 4,
    "row_header": "Male, n (%)",
    "column_header": "P value",
    "value": "0.43"
  },
  {
    "row": 2,
    "column": 2,
    "row_header": "Female, n (%)",
    "column_header": "FDC of MSP (N = 118)",
    "value": "56 (47.5%)"
  },
  {
    "row": 2,
    "column": 3,
    "row_header": "Female, n (%)",
    "column_header": "MS (N = 118)",
    "value": "55 (46.6%)"
  },
  {
    "row": 2,
    "column": 4,
    "row_header": "Female, n (%)",
    "column_header": "P value",
    "value": "0.37"
  },
  {
    "row": 3,
    "column": 2,
    "row_header": "Age, years, mean (SD)",
    "column_header": "FDC of MSP (N = 118)",
    "value": "51.7 (8.01)"
  },
  {
    "row": 3,
    "column": 3,
    "row_header": "Age, years, mean (SD)",
    "column_header": "MS (N = 118)",
    "value": "49.6 (9.54)"
  },
  {
    "row": 3,
    "column": 4,
    "row_header": "Age, years, mean (SD)",
    "column_header": "P value",
    "value": "0.0787"
  },
  {
    "row": 4,
    "column": 2,
    "row_header": "Weight, kg, mean (SD)",
    "column_header": "FDC of MSP (N = 118)",
    "value": "67.1 (12.87)"
  },
  {
    "row": 4,
    "column": 3,
    "row_header": "Weight, kg, mean (SD)",
    "column_header": "MS (N = 118)",
    "value": "65.5 (10.94)"
  },
  {
    "row": 4,
    "column": 4,
    "row_header": "Weight, kg, mean (SD)",
    "column_header": "P value",
    "value": "0.3074"
  },
  {
    "row": 5,
    "column": 2,
    "row_header": "Height, cm, mean (SD)",
    "column_header": "FDC of MSP (N = 118)",
    "value": "162.8 (8.23)"
  },
  {
    "row": 5,
    "column": 3,
    "row_header": "Height, cm, mean (SD)",
    "column_header": "MS (N = 118)",
    "value": "161.5 (7.79)"
  },
  {
    "row": 5,
    "column": 4,
    "row_header": "Height, cm, mean (SD)",
    "column_header": "P value",
    "value": "0.2081"
  },
  {
    "row": 6,
    "column": 2,
    "row_header": "BMI, kg/m², mean (SD)",
    "column_header": "FDC of MSP (N = 118)",
    "value": "25.2 (3.81)"
  },
  {
    "row": 6,
    "column": 3,
    "row_header": "BMI, kg/m², mean (SD)",
    "column_header": "MS (N = 118)",
    "value": "25.1 (3.55)"
  },
  {
    "row": 6,
    "column": 4,
    "row_header": "BMI, kg/m², mean (SD)",
    "column_header": "P value",
    "value": "0.772"
  },
  {
    "row": 7,
    "column": 2,
    "row_header": "Waist circumference, inches, mean (SD)",
    "column_header": "FDC of MSP (N = 118)",
    "value": "36.8 (3.62)"
  },
  {
    "row": 7,
    "column": 3,
    "row_header": "Waist circumference, inches, mean (SD)",
    "column_header": "MS (N = 118)",
    "value": "36.2 (3.68)"
  },
  {
    "row": 7,
    "column": 4,
    "row_header": "Waist circumference, inches, mean (SD)",
    "column_header": "P value",
    "value": "0.2106"
  },
  {
    "row": 8,
    "column": 2,
    "row_header": "Waist-to-hip ratio, mean (SD)",
    "column_header": "FDC of MSP (N = 118)",
    "value": "0.9 (0.07)"
  },
  {
    "row": 8,
    "column": 3,
    "row_header": "Waist-to-hip ratio, mean (SD)",
    "column_header": "MS (N = 118)",
    "value": "0.9 (0.10)"
  },
  {
    "row": 8,
    "column": 4,
    "row_header": "Waist-to-hip ratio, mean (SD)",
    "column_header": "P value",
    "value": "0.3733"
  },
  {
    "row": 9,
    "column": 2,
    "row_header": "HbA1C, %, mean (SD)",
    "column_header": "FDC of MSP (N = 118)",
    "value": "9.21 (0.78)"
  },
  {
    "row": 9,
    "column": 3,
    "row_header": "HbA1C, %, mean (SD)",
    "column_header": "MS (N = 118)",
    "value": "9.25 (0.78)"
  },
  {
    "row": 9,
    "column": 4,
    "row_header": "HbA1C, %, mean (SD)",
    "column_header": "P value",
    "value": "0.7181"
  },
  {
    "row": 10,
    "column": 2,
    "row_header": "Duration of diabetes, months, mean (SD), range",
    "column_header": "FDC of MSP (N = 118)",
    "value": "41.1 (33.47), 2–169.4"
  },
  {
    "row": 10,
    "column": 3,
    "row_header": "Duration of diabetes, months, mean (SD), range",
    "column_header": "MS (N = 118)",
    "value": "36.5 (42.86), 1.5–360.6"
  },
  {
    "row": 10,
    "column": 4,
    "row_header": "Duration of diabetes, months, mean (SD), range",
    "column_header": "P value",
    "value": "0.3524"
  }
]
