[
  {
    "row_header": "Male, n (%)",
    "column_header": "FDC of MSP (N = 118)",
    "data": "62 (52.5%)",
    "location": {"row": 0, "column": 1}
  },
  {
    "row_header": "Male, n (%)",
    "column_header": "MS (N = 118)",
    "data": "63 (53.4%)",
    "location": {"row": 0, "column": 2}
  },
  {
    "row_header": "Male, n (%)",
    "column_header": "P value",
    "data": "0.43",
    "location": {"row": 0, "column": 3}
  },
  {
    "row_header": "Female, n (%)",
    "column_header": "FDC of MSP (N = 118)",
    "data": "56 (47.5%)",
    "location": {"row": 1, "column": 1}
  },
  {
    "row_header": "Female, n (%)",
    "column_header": "MS (N = 118)",
    "data": "55 (46.6%)",
    "location": {"row": 1, "column": 2}
  },
  {
    "row_header": "Female, n (%)",
    "column_header": "P value",
    "data": "0.37",
    "location": {"row": 1, "column": 3}
  },
  {
    "row_header": "Age, years, mean (SD)",
    "column_header": "FDC of MSP (N = 118)",
    "data": "51.7 (8.01)",
    "location": {"row": 2, "column": 1}
  },
  {
    "row_header": "Age, years, mean (SD)",
    "column_header": "MS (N = 118)",
    "data": "49.6 (9.54)",
    "location": {"row": 2, "column": 2}
  },
  {
    "row_header": "Age, years, mean (SD)",
    "column_header": "P value",
    "data": "0.0787",
    "location": {"row": 2, "column": 3}
  },
  {
    "row_header": "Weight, kg, mean (SD)",
    "column_header": "FDC of MSP (N = 118)",
    "data": "67.1 (12.87)",
    "location": {"row": 3, "column": 1}
  },
  {
    "row_header": "Weight, kg, mean (SD)",
    "column_header": "MS (N = 118)",
    "data": "65.5 (10.94)",
    "location": {"row": 3, "column": 2}
  },
  {
    "row_header": "Weight, kg, mean (SD)",
    "column_header": "P value",
    "data": "0.3074",
    "location": {"row": 3, "column": 3}
  },
  {
    "row_header": "Height, cm, mean (SD)",
    "column_header": "FDC of MSP (N = 118)",
    "data": "162.8 (8.23)",
    "location": {"row": 4, "column": 1}
  },
  {
    "row_header": "Height, cm, mean (SD)",
    "column_header": "MS (N = 118)",
    "data": "161.5 (7.79)",
    "location": {"row": 4, "column": 2}
  },
  {
    "row_header": "Height, cm, mean (SD)",
    "column_header": "P value",
    "data": "0.2081",
    "location": {"row": 4, "column": 3}
  },
  {
    "row_header": "BMI, kg/m² , mean (SD)",
    "column_header": "FDC of MSP (N = 118)",
    "data": "25.2 (3.81)",
    "location": {"row": 5, "column": 1}
  },
  {
    "row_header": "BMI, kg/m² , mean (SD)",
    "column_header": "MS (N = 118)",
    "data": "25.1 (3.55)",
    "location": {"row": 5, "column": 2}
  },
  {
    "row_header": "BMI, kg/m² , mean (SD)",
    "column_header": "P value",
    "data": "0.772",
    "location": {"row": 5, "column": 3}
  },
  {
    "row_header": "Waist circumference, inches, mean (SD)",
    "column_header": "FDC of MSP (N = 118)",
    "data": "36.8 (3.62)",
    "location": {"row": 6, "column": 1}
  },
  {
    "row_header": "Waist circumference, inches, mean (SD)",
    "column_header": "MS (N = 118)",
    "data": "36.2 (3.68)",
    "location": {"row": 6, "column": 2}
  },
  {
    "row_header": "Waist circumference, inches, mean (SD)",
    "column_header": "P value",
    "data": "0.2106",
    "location": {"row": 6, "column": 3}
  },
  {
    "row_header": "Waist-to-hip ratio, mean (SD)",
    "column_header": "FDC of MSP (N = 118)",
    "data": "0.9 (0.07)",
    "location": {"row": 7, "column": 1}
  },
  {
    "row_header": "Waist-to-hip ratio, mean (SD)",
    "column_header": "MS (N = 118)",
    "data": "0.9 (0.10)",
    "location": {"row": 7, "column": 2}
  },
  {
    "row_header": "Waist-to-hip ratio, mean (SD)",
    "column_header": "P value",
    "data": "0.3733",
    "location": {"row": 7, "column": 3}
  },
  {
    "row_header": "HbA1C, %, mean (SD)",
    "column_header": "FDC of MSP (N = 118)",
    "data": "9.21 (0.78)",
    "location": {"row": 8, "column": 1}
  },
  {
    "row_header": "HbA1C, %, mean (SD)",
    "column_header": "MS (N = 118)",
    "data": "9.25 (0.78)",
    "location": {"row": 8, "column": 2}
  },
  {
    "row_header": "HbA1C, %, mean (SD)",
    "column_header": "P value",
    "data": "0.7181",
    "location": {"row": 8, "column": 3}
  },
  {
    "row_header": "Duration of diabetes, months, mean (SD), range",
    "column_header": "FDC of MSP (N = 118)",
    "data": "41.1 (33.47), 2–169.4",
    "location": {"row": 9, "column": 1}
  },
  {
    "row_header": "Duration of diabetes, months, mean (SD), range",
    "column_header": "MS (N = 118)",
    "data": "36.5 (42.86), 1.5–360.6",
    "location": {"row": 9, "column": 2}
  },
  {
    "row_header": "Duration of diabetes, months, mean (SD), range",
    "column_header": "P value",
    "data": "0.3524",
    "location": {"row": 9, "column": 3}
  }
]
