[
    {
        "data cell": {
            "value": "60.3 ± 9.6",
            "confidence": "high"
        },
        "location": {
            "value": "Row 1, Column 2",
            "confidence": "high"
        },
        "row header": {
            "row header": {
                "value": "Age, y",
                "confidence": "high"
            }
        },
        "column header": {
            "1-level column header": {
                "value": "AMPLITUDE-D",
                "confidence": "high"
            },
            "2-level column header": {
                "value": "Efpeglenatide 4 mg (N=303)",
                "confidence": "high"
            }
        }
    },
    {
        "data cell": {
            "value": "161 (53.1)",
            "confidence": "high"
        },
        "location": {
            "value": "Row 2, Column 2",
            "confidence": "high"
        },
        "row header": {
            "row header": {
                "value": "Male, n (%)",
                "confidence": "high"
            }
        },
        "column header": {
            "1-level column header": {
                "value": "AMPLITUDE-D",
                "confidence": "high"
            },
            "2-level column header": {
                "value": "Efpeglenatide 4 mg (N=303)",
                "confidence": "high"
            }
        }
    }
]