[
  {
    "data cell": {"value": "60.3 ± 9.6", "confidence": "high"},
    "location": {"value": "Row 1, Column 2", "confidence": "high"},
    "row header": {"value": "Age, y", "confidence": "high"},
    "column header": {"1-level column header": "AMPLITUDE-D", "2-level column header": "Efpeglenatide 4 mg (N = 303)", "confidence": "high"}
  },
  {
    "data cell": {"value": "60.0 ± 10.1", "confidence": "high"},
    "location": {"value": "Row 1, Column 3", "confidence": "high"},
    "row header": {"value": "Age, y", "confidence": "high"},
    "column header": {"1-level column header": "AMPLITUDE-D", "2-level column header": "Efpeglenatide 6 mg (N = 302)", "confidence": "high"}
  },
  {
    "data cell": {"value": "59.4 ± 10.1", "confidence": "high"},
    "location": {"value": "Row 1, Column 4", "confidence": "high"},
    "row header": {"value": "Age, y", "confidence": "high"},
    "column header": {"1-level column header": "AMPLITUDE-D", "2-level column header": "Dulaglutide 1.5 mg (N = 303)", "confidence": "high"}
  },
  {
    "data cell": {"value": "59.1 ± 10.7", "confidence": "high"},
    "location": {"value": "Row 1, Column 5", "confidence": "high"},
    "row header": {"value": "Age, y", "confidence": "high"},
    "column header": {"1-level column header": "AMPLITUDE-L", "2-level column header": "Efpeglenatide 2 mg (N = 92)", "confidence": "high"}
  },
  {
    "data cell": {"value": "60.6 ± 11.5", "confidence": "high"},
    "location": {"value": "Row 1, Column 6", "confidence": "high"},
    "row header": {"value": "Age, y", "confidence": "high"},
    "column header": {"1-level column header": "AMPLITUDE-L", "2-level column header": "Efpeglenatide 4 mg (N = 93)", "confidence": "high"}
  },
  {
    "data cell": {"value": "61.6 ± 10.3", "confidence": "high"},
    "location": {"value": "Row 1, Column 7", "confidence": "high"},
    "row header": {"value": "Age, y", "confidence": "high"},
    "column header": {"1-level column header": "AMPLITUDE-L", "2-level column header": "Efpeglenatide 6 mg (N = 93)", "confidence": "high"}
  },
  {
    "data cell": {"value": "58.9 ± 10.7", "confidence": "high"},
    "location": {"value": "Row 1, Column 8", "confidence": "high"},
    "row header": {"value": "Age, y", "confidence": "high"},
    "column header": {"1-level column header": "AMPLITUDE-L", "2-level column header": "Placebo (N = 92)", "confidence": "high"}
  },
  {
    "data cell": {"value": "60.1 ± 10.9", "confidence": "high"},
    "location": {"value": "Row 1, Column 9", "confidence": "high"},
    "row header": {"value": "Age, y", "confidence": "high"},
    "column header": {"1-level column header": "AMPLITUDE-S", "2-level column header": "Efpeglenatide 2 mg (N = 78)", "confidence": "high"}
  },
  {
    "data cell": {"value": "57.9 ± 10.5", "confidence": "high"},
    "location": {"value": "Row 1, Column 10", "confidence": "high"},
    "row header": {"value": "Age, y", "confidence": "high"},
    "column header": {"1-level column header": "AMPLITUDE-S", "2-level column header": "Efpeglenatide 4 mg (N = 77)", "confidence": "high"}
  },
  {
    "data cell": {"value": "58.8 ± 11.5", "confidence": "high"},
    "location": {"value": "Row 1, Column 11", "confidence": "high"},
    "row header": {"value": "Age, y", "confidence": "high"},
    "column header": {"1-level column header": "AMPLITUDE-S", "2-level column header": "Efpeglenatide 6 mg (N = 78)", "confidence": "high"}
  },
  {
    "data cell": {"value": "58.9 ± 10.6", "confidence": "high"},
    "location": {"value": "Row 1, Column 12", "confidence": "high"},
    "row header": {"value": "Age, y", "confidence": "high"},
    "column header": {"1-level column header": "AMPLITUDE-S", "2-level column header": "Placebo (N = 79)", "confidence": "high"}
  }
]
